{"sub-011": {"loss": 1.3176065683364868, "accuracy": 0.5232445597648621}, "sub-062": {"loss": 1.3964366912841797, "accuracy": 0.45368248224258423}, "sub-053": {"loss": 1.2608338594436646, "accuracy": 0.5368224382400513}, "sub-014": {"loss": 0.9936426281929016, "accuracy": 0.6188957095146179}, "sub-018": {"loss": 1.081595540046692, "accuracy": 0.5707021951675415}, "sub-075": {"loss": 0.7834224700927734, "accuracy": 0.7045537233352661}, "sub-035": {"loss": 1.1974658966064453, "accuracy": 0.5155096054077148}, "sub-033": {"loss": 1.1568481922149658, "accuracy": 0.5314623117446899}, "sub-048": {"loss": 0.9262744188308716, "accuracy": 0.6641509532928467}, "sub-067": {"loss": 1.2536368370056152, "accuracy": 0.518622875213623}, "sub-079": {"loss": 1.217741847038269, "accuracy": 0.5136200785636902}, "sub-071": {"loss": 1.6988062858581543, "accuracy": 0.3899843394756317}, "sub-047": {"loss": 0.8610729575157166, "accuracy": 0.6884353756904602}, "sub-007": {"loss": 0.9919483065605164, "accuracy": 0.618159830570221}, "sub-015": {"loss": 1.0974842309951782, "accuracy": 0.5704600214958191}, "sub-032": {"loss": 0.7138221263885498, "accuracy": 0.7332348823547363}, "sub-026": {"loss": 1.008095622062683, "accuracy": 0.5987893342971802}, "sub-056": {"loss": 1.4590946435928345, "accuracy": 0.44523364305496216}, "sub-059": {"loss": 0.9524865746498108, "accuracy": 0.6320785880088806}, "sub-077": {"loss": 1.860719084739685, "accuracy": 0.30165016651153564}, "sub-016": {"loss": 1.0518145561218262, "accuracy": 0.5576271414756775}, "sub-057": {"loss": 0.8335239887237549, "accuracy": 0.672340452671051}, "sub-009": {"loss": 0.5485568046569824, "accuracy": 0.7837772369384766}, "sub-037": {"loss": 0.928566038608551, "accuracy": 0.6535073518753052}, "sub-050": {"loss": 1.5954360961914062, "accuracy": 0.42885905504226685}, "sub-080": {"loss": 0.7650875449180603, "accuracy": 0.707168459892273}, "sub-054": {"loss": 1.35604727268219, "accuracy": 0.48859813809394836}, "sub-065": {"loss": 1.4184807538986206, "accuracy": 0.4935837388038635}, "sub-019": {"loss": 0.7787911295890808, "accuracy": 0.6907990574836731}, "sub-001": {"loss": 0.7739897966384888, "accuracy": 0.6941888332366943}, "sub-025": {"loss": 0.7558659315109253, "accuracy": 0.6998664736747742}, "sub-085": {"loss": 0.7608107328414917, "accuracy": 0.7189964056015015}, "sub-034": {"loss": 1.1627644300460815, "accuracy": 0.5748892426490784}, "sub-064": {"loss": 1.227996587753296, "accuracy": 0.5251955986022949}, "sub-004": {"loss": 1.2650991678237915, "accuracy": 0.5256097316741943}, "sub-045": {"loss": 1.0336096286773682, "accuracy": 0.5962686538696289}, "sub-052": {"loss": 0.8524409532546997, "accuracy": 0.6885981559753418}, "sub-005": {"loss": 0.857904851436615, "accuracy": 0.6563417911529541}, "sub-060": {"loss": 1.5173711776733398, "accuracy": 0.4272727370262146}, "sub-076": {"loss": 1.1849874258041382, "accuracy": 0.5526411533355713}, "sub-003": {"loss": 0.6594096422195435, "accuracy": 0.7648910284042358}, "sub-006": {"loss": 0.617668867111206, "accuracy": 0.7729730010032654}, "sub-027": {"loss": 0.6254705786705017, "accuracy": 0.7585443258285522}, "sub-038": {"loss": 0.9332262873649597, "accuracy": 0.6486133933067322}, "sub-024": {"loss": 0.8942447304725647, "accuracy": 0.6564164757728577}, "sub-072": {"loss": 0.5849414467811584, "accuracy": 0.7948998212814331}, "sub-049": {"loss": 1.3252995014190674, "accuracy": 0.4811214804649353}, "sub-061": {"loss": 0.9994436502456665, "accuracy": 0.6173486113548279}, "sub-078": {"loss": 0.7161725759506226, "accuracy": 0.7369763255119324}, "sub-008": {"loss": 0.6636013984680176, "accuracy": 0.7525423765182495}, "sub-017": {"loss": 1.232908844947815, "accuracy": 0.5134796500205994}, "sub-012": {"loss": 1.3822613954544067, "accuracy": 0.4503631889820099}, "sub-068": {"loss": 1.2216331958770752, "accuracy": 0.5217527151107788}, "sub-073": {"loss": 0.9968559741973877, "accuracy": 0.6295081973075867}, "sub-058": {"loss": 0.7517753839492798, "accuracy": 0.6939443349838257}, "sub-082": {"loss": 1.2969399690628052, "accuracy": 0.5293906927108765}, "sub-036": {"loss": 0.9385265707969666, "accuracy": 0.618316113948822}, "sub-083": {"loss": 1.1266772747039795, "accuracy": 0.5534050464630127}, "sub-081": {"loss": 1.3316317796707153, "accuracy": 0.5015503764152527}, "sub-028": {"loss": 0.7613092660903931, "accuracy": 0.6996835470199585}, "sub-020": {"loss": 0.6406847238540649, "accuracy": 0.7709090709686279}, "sub-002": {"loss": 0.804861307144165, "accuracy": 0.7065727710723877}, "sub-084": {"loss": 0.7959023714065552, "accuracy": 0.6982079148292542}, "sub-031": {"loss": 0.5724222660064697, "accuracy": 0.7832278609275818}, "sub-021": {"loss": 1.3620705604553223, "accuracy": 0.46576687693595886}, "sub-022": {"loss": 0.8763677477836609, "accuracy": 0.6669938564300537}, "sub-030": {"loss": 0.9943521618843079, "accuracy": 0.6177214980125427}, "sub-029": {"loss": 0.961366593837738, "accuracy": 0.6341772079467773}, "sub-040": {"loss": 1.003456950187683, "accuracy": 0.6163132190704346}, "sub-074": {"loss": 0.8569985032081604, "accuracy": 0.6448087692260742}, "sub-063": {"loss": 1.3347643613815308, "accuracy": 0.48982784152030945}, "sub-046": {"loss": 0.9523451924324036, "accuracy": 0.6369403004646301}, "sub-066": {"loss": 1.1784873008728027, "accuracy": 0.5154929757118225}, "sub-013": {"loss": 0.6678502559661865, "accuracy": 0.7312348484992981}, "sub-070": {"loss": 0.9757499098777771, "accuracy": 0.6266040802001953}, "sub-042": {"loss": 0.646214485168457, "accuracy": 0.7481240034103394}, "sub-023": {"loss": 1.0585825443267822, "accuracy": 0.5948466062545776}, "sub-039": {"loss": 0.8613525629043579, "accuracy": 0.6665579080581665}, "sub-043": {"loss": 0.9446338415145874, "accuracy": 0.6328358054161072}, "sub-010": {"loss": 1.0318719148635864, "accuracy": 0.6016949415206909}, "sub-044": {"loss": 0.37105628848075867, "accuracy": 0.861940324306488}, "sub-055": {"loss": 0.9421132206916809, "accuracy": 0.6381308436393738}, "sub-069": {"loss": 1.3166358470916748, "accuracy": 0.5010954737663269}, "sub-051": {"loss": 1.6613612174987793, "accuracy": 0.39401867985725403}, "sub-041": {"loss": 0.8569023013114929, "accuracy": 0.6714518666267395}}