{"sub-061": {"loss": 1.0074925422668457, "accuracy": 0.627168595790863}, "sub-085": {"loss": 0.7232106924057007, "accuracy": 0.7473118305206299}, "sub-021": {"loss": 1.3338812589645386, "accuracy": 0.4777913987636566}, "sub-020": {"loss": 0.575160026550293, "accuracy": 0.7793939113616943}, "sub-049": {"loss": 1.213346004486084, "accuracy": 0.5315887928009033}, "sub-050": {"loss": 1.7770768404006958, "accuracy": 0.3201342225074768}, "sub-038": {"loss": 0.9593573212623596, "accuracy": 0.6411092877388}, "sub-026": {"loss": 0.9128094911575317, "accuracy": 0.6387408971786499}, "sub-043": {"loss": 0.96651691198349, "accuracy": 0.5992537140846252}, "sub-031": {"loss": 0.5351995825767517, "accuracy": 0.7886075973510742}, "sub-060": {"loss": 1.523973822593689, "accuracy": 0.40984848141670227}, "sub-066": {"loss": 1.1590895652770996, "accuracy": 0.5615023374557495}, "sub-032": {"loss": 0.6998295187950134, "accuracy": 0.7255539298057556}, "sub-084": {"loss": 0.7418986558914185, "accuracy": 0.7197132706642151}, "sub-009": {"loss": 0.5049865245819092, "accuracy": 0.8007264137268066}, "sub-036": {"loss": 0.8898904323577881, "accuracy": 0.6700147986412048}, "sub-006": {"loss": 0.6009193658828735, "accuracy": 0.7651351094245911}, "sub-004": {"loss": 1.3136290311813354, "accuracy": 0.46890243887901306}, "sub-012": {"loss": 1.4606071710586548, "accuracy": 0.42736077308654785}, "sub-035": {"loss": 1.2457900047302246, "accuracy": 0.521418035030365}, "sub-055": {"loss": 0.9152897596359253, "accuracy": 0.6616822481155396}, "sub-046": {"loss": 0.947473406791687, "accuracy": 0.6055970191955566}, "sub-030": {"loss": 0.8548962473869324, "accuracy": 0.6370252966880798}, "sub-016": {"loss": 1.062315821647644, "accuracy": 0.5682808756828308}, "sub-079": {"loss": 1.2559728622436523, "accuracy": 0.4910394251346588}, "sub-054": {"loss": 1.305550217628479, "accuracy": 0.5102803707122803}, "sub-053": {"loss": 1.230483055114746, "accuracy": 0.5170093178749084}, "sub-014": {"loss": 0.9889485239982605, "accuracy": 0.6139877438545227}, "sub-042": {"loss": 0.6110123991966248, "accuracy": 0.7572593688964844}, "sub-073": {"loss": 1.0101314783096313, "accuracy": 0.6010928750038147}, "sub-011": {"loss": 1.3664813041687012, "accuracy": 0.5167070031166077}, "sub-062": {"loss": 1.2859303951263428, "accuracy": 0.5168576240539551}, "sub-010": {"loss": 0.9955782890319824, "accuracy": 0.6000000238418579}, "sub-008": {"loss": 0.5974432229995728, "accuracy": 0.7692493796348572}, "sub-044": {"loss": 0.31613895297050476, "accuracy": 0.8783581852912903}, "sub-024": {"loss": 0.9218547940254211, "accuracy": 0.651089608669281}, "sub-047": {"loss": 0.8810849189758301, "accuracy": 0.6612244844436646}, "sub-059": {"loss": 0.9378895163536072, "accuracy": 0.6396071910858154}, "sub-023": {"loss": 1.0972415208816528, "accuracy": 0.586748480796814}, "sub-037": {"loss": 0.9250076413154602, "accuracy": 0.6306688189506531}, "sub-029": {"loss": 0.9411373734474182, "accuracy": 0.6351265907287598}, "sub-082": {"loss": 1.1273674964904785, "accuracy": 0.5799283385276794}, "sub-045": {"loss": 1.0995646715164185, "accuracy": 0.5783582329750061}, "sub-048": {"loss": 0.811154305934906, "accuracy": 0.6821802854537964}, "sub-065": {"loss": 1.2760844230651855, "accuracy": 0.4782472550868988}, "sub-027": {"loss": 0.6663011908531189, "accuracy": 0.7560126781463623}, "sub-070": {"loss": 0.8428556323051453, "accuracy": 0.6707355380058289}, "sub-013": {"loss": 0.5923991799354553, "accuracy": 0.7774818539619446}, "sub-051": {"loss": 1.5864914655685425, "accuracy": 0.4168224334716797}, "sub-041": {"loss": 1.0398290157318115, "accuracy": 0.6088091135025024}, "sub-063": {"loss": 1.2662469148635864, "accuracy": 0.5383411645889282}, "sub-083": {"loss": 1.3542120456695557, "accuracy": 0.46236559748649597}, "sub-071": {"loss": 1.1694951057434082, "accuracy": 0.5480438470840454}, "sub-001": {"loss": 0.8169928789138794, "accuracy": 0.6702179312705994}, "sub-039": {"loss": 0.9349302053451538, "accuracy": 0.6352365612983704}, "sub-069": {"loss": 1.240754246711731, "accuracy": 0.523630678653717}, "sub-081": {"loss": 1.280806303024292, "accuracy": 0.5232558250427246}, "sub-075": {"loss": 0.8020430207252502, "accuracy": 0.6663023829460144}, "sub-074": {"loss": 0.8072251677513123, "accuracy": 0.68123859167099}, "sub-015": {"loss": 1.0368238687515259, "accuracy": 0.5956416726112366}, "sub-052": {"loss": 0.9019602537155151, "accuracy": 0.6594392657279968}, "sub-080": {"loss": 0.7677415013313293, "accuracy": 0.7107526659965515}, "sub-017": {"loss": 1.1657835245132446, "accuracy": 0.5448275804519653}, "sub-072": {"loss": 0.5414404273033142, "accuracy": 0.803642988204956}, "sub-005": {"loss": 0.917471706867218, "accuracy": 0.6395193338394165}, "sub-003": {"loss": 0.646072268486023, "accuracy": 0.7401937246322632}, "sub-025": {"loss": 0.7503045797348022, "accuracy": 0.7182910442352295}, "sub-033": {"loss": 0.9378683567047119, "accuracy": 0.6357459425926208}, "sub-040": {"loss": 0.9929346442222595, "accuracy": 0.6202284097671509}, "sub-077": {"loss": 1.7986218929290771, "accuracy": 0.30363035202026367}, "sub-007": {"loss": 0.9702741503715515, "accuracy": 0.6271186470985413}, "sub-034": {"loss": 1.149469256401062, "accuracy": 0.5651403069496155}, "sub-078": {"loss": 0.7614531517028809, "accuracy": 0.7074681520462036}, "sub-019": {"loss": 0.7611276507377625, "accuracy": 0.7118644118309021}, "sub-057": {"loss": 0.8401162028312683, "accuracy": 0.6746317744255066}, "sub-064": {"loss": 1.2354681491851807, "accuracy": 0.531455397605896}, "sub-056": {"loss": 1.4160544872283936, "accuracy": 0.4859813153743744}, "sub-028": {"loss": 0.7973259091377258, "accuracy": 0.6886075735092163}, "sub-058": {"loss": 0.652726948261261, "accuracy": 0.7567921280860901}, "sub-068": {"loss": 1.206709384918213, "accuracy": 0.5399060845375061}, "sub-022": {"loss": 0.851016104221344, "accuracy": 0.67779141664505}, "sub-002": {"loss": 0.9117609262466431, "accuracy": 0.637089192867279}, "sub-018": {"loss": 1.1845545768737793, "accuracy": 0.5242130756378174}, "sub-067": {"loss": 1.2598742246627808, "accuracy": 0.5035993456840515}, "sub-076": {"loss": 1.2463374137878418, "accuracy": 0.5238615870475769}}