epoch,accuracy,loss,val_accuracy,val_loss
0,0.7668309807777405,0.6180949211120605,0.598985493183136,1.1180037260055542
1,0.7335317730903625,0.7035622000694275,0.6340343356132507,0.9458346962928772
2,0.7367454171180725,0.6961637735366821,0.6333234310150146,0.9545242190361023
3,0.7382934093475342,0.6910151243209839,0.647037923336029,0.9097594022750854
4,0.7382532358169556,0.6911659240722656,0.6140477061271667,0.9915413856506348
