{"sub-024": {"loss": 1.6142910718917847, "accuracy": 0.1997578740119934}, "sub-082": {"loss": 1.6198606491088867, "accuracy": 0.19498208165168762}, "sub-030": {"loss": 1.6111286878585815, "accuracy": 0.20917721092700958}, "sub-059": {"loss": 1.6222214698791504, "accuracy": 0.19083470106124878}, "sub-035": {"loss": 1.6101020574569702, "accuracy": 0.19881831109523773}, "sub-067": {"loss": 1.6129804849624634, "accuracy": 0.22065727412700653}, "sub-017": {"loss": 1.62591552734375, "accuracy": 0.19874608516693115}, "sub-054": {"loss": 1.6294481754302979, "accuracy": 0.18130841851234436}, "sub-042": {"loss": 1.612702488899231, "accuracy": 0.2202283889055252}, "sub-076": {"loss": 1.6137564182281494, "accuracy": 0.21347905695438385}, "sub-078": {"loss": 1.6106584072113037, "accuracy": 0.2222222238779068}, "sub-075": {"loss": 1.6204352378845215, "accuracy": 0.19854280352592468}, "sub-071": {"loss": 1.6260645389556885, "accuracy": 0.18873240053653717}, "sub-051": {"loss": 1.6099432706832886, "accuracy": 0.2067289650440216}, "sub-081": {"loss": 1.6139907836914062, "accuracy": 0.22093023359775543}, "sub-065": {"loss": 1.6172937154769897, "accuracy": 0.18998435139656067}, "sub-011": {"loss": 1.6191291809082031, "accuracy": 0.18716706335544586}, "sub-019": {"loss": 1.615083932876587, "accuracy": 0.19733655452728271}, "sub-001": {"loss": 1.6170322895050049, "accuracy": 0.20000000298023224}, "sub-043": {"loss": 1.6144802570343018, "accuracy": 0.2078358232975006}, "sub-022": {"loss": 1.6148431301116943, "accuracy": 0.19754600524902344}, "sub-061": {"loss": 1.615889310836792, "accuracy": 0.20000000298023224}, "sub-007": {"loss": 1.6198726892471313, "accuracy": 0.20847457647323608}, "sub-005": {"loss": 1.6142150163650513, "accuracy": 0.2216288447380066}, "sub-046": {"loss": 1.6162165403366089, "accuracy": 0.204104483127594}, "sub-031": {"loss": 1.6159497499465942, "accuracy": 0.21993671357631683}, "sub-048": {"loss": 1.623610019683838, "accuracy": 0.20041929185390472}, "sub-004": {"loss": 1.6208022832870483, "accuracy": 0.17499999701976776}, "sub-039": {"loss": 1.6141823530197144, "accuracy": 0.21370309591293335}, "sub-018": {"loss": 1.6227542161941528, "accuracy": 0.2070217877626419}, "sub-028": {"loss": 1.6188297271728516, "accuracy": 0.19936709105968475}, "sub-036": {"loss": 1.616919755935669, "accuracy": 0.1952732652425766}, "sub-044": {"loss": 1.6109650135040283, "accuracy": 0.20708955824375153}, "sub-029": {"loss": 1.6202574968338013, "accuracy": 0.1952531635761261}, "sub-074": {"loss": 1.6046255826950073, "accuracy": 0.23788706958293915}, "sub-077": {"loss": 1.6142151355743408, "accuracy": 0.20792078971862793}, "sub-052": {"loss": 1.6128098964691162, "accuracy": 0.19177569448947906}, "sub-053": {"loss": 1.6139605045318604, "accuracy": 0.21345794200897217}, "sub-060": {"loss": 1.6194274425506592, "accuracy": 0.19507575035095215}, "sub-016": {"loss": 1.6203333139419556, "accuracy": 0.2004842609167099}, "sub-058": {"loss": 1.6103886365890503, "accuracy": 0.21342061460018158}, "sub-025": {"loss": 1.6135436296463013, "accuracy": 0.21415220201015472}, "sub-040": {"loss": 1.612180233001709, "accuracy": 0.20848287642002106}, "sub-010": {"loss": 1.6180126667022705, "accuracy": 0.19661016762256622}, "sub-055": {"loss": 1.6158907413482666, "accuracy": 0.18242990970611572}, "sub-079": {"loss": 1.6136165857315063, "accuracy": 0.20501792430877686}, "sub-020": {"loss": 1.6205811500549316, "accuracy": 0.1899999976158142}, "sub-064": {"loss": 1.617966651916504, "accuracy": 0.2222222238779068}, "sub-070": {"loss": 1.612371802330017, "accuracy": 0.2100156545639038}, "sub-002": {"loss": 1.620429277420044, "accuracy": 0.1969483494758606}, "sub-073": {"loss": 1.6106021404266357, "accuracy": 0.21347905695438385}, "sub-049": {"loss": 1.6227692365646362, "accuracy": 0.19214953482151031}, "sub-047": {"loss": 1.6201918125152588, "accuracy": 0.19761905074119568}, "sub-003": {"loss": 1.6166945695877075, "accuracy": 0.19733655452728271}, "sub-014": {"loss": 1.612215518951416, "accuracy": 0.2269938588142395}, "sub-008": {"loss": 1.617150068283081, "accuracy": 0.20000000298023224}, "sub-066": {"loss": 1.6112133264541626, "accuracy": 0.2222222238779068}, "sub-034": {"loss": 1.6236395835876465, "accuracy": 0.17193500697612762}, "sub-062": {"loss": 1.6224126815795898, "accuracy": 0.20589198172092438}, "sub-084": {"loss": 1.6128901243209839, "accuracy": 0.20250895619392395}, "sub-069": {"loss": 1.617141842842102, "accuracy": 0.1799686998128891}, "sub-026": {"loss": 1.6176718473434448, "accuracy": 0.21791768074035645}, "sub-033": {"loss": 1.6165457963943481, "accuracy": 0.20856720209121704}, "sub-038": {"loss": 1.6152257919311523, "accuracy": 0.21305057406425476}, "sub-037": {"loss": 1.6149719953536987, "accuracy": 0.2013050615787506}, "sub-021": {"loss": 1.6182262897491455, "accuracy": 0.186503067612648}, "sub-023": {"loss": 1.614996075630188, "accuracy": 0.21128834784030914}, "sub-013": {"loss": 1.6204166412353516, "accuracy": 0.18208232522010803}, "sub-006": {"loss": 1.616990327835083, "accuracy": 0.18162162601947784}, "sub-080": {"loss": 1.6219356060028076, "accuracy": 0.17885304987430573}, "sub-085": {"loss": 1.619850516319275, "accuracy": 0.18817204236984253}, "sub-015": {"loss": 1.613781452178955, "accuracy": 0.20266343653202057}, "sub-063": {"loss": 1.613389253616333, "accuracy": 0.2222222238779068}, "sub-032": {"loss": 1.6169946193695068, "accuracy": 0.1822747439146042}, "sub-041": {"loss": 1.6103651523590088, "accuracy": 0.2110929787158966}, "sub-009": {"loss": 1.614985466003418, "accuracy": 0.21331718564033508}, "sub-027": {"loss": 1.6123048067092896, "accuracy": 0.19873417913913727}, "sub-045": {"loss": 1.6194394826889038, "accuracy": 0.20746268332004547}, "sub-056": {"loss": 1.6199924945831299, "accuracy": 0.19700933992862701}, "sub-057": {"loss": 1.6166249513626099, "accuracy": 0.21898527443408966}, "sub-050": {"loss": 1.6248140335083008, "accuracy": 0.19328859448432922}, "sub-012": {"loss": 1.6161986589431763, "accuracy": 0.20024213194847107}, "sub-068": {"loss": 1.614364743232727, "accuracy": 0.19749608635902405}, "sub-083": {"loss": 1.61393141746521, "accuracy": 0.2132616490125656}, "sub-072": {"loss": 1.616466760635376, "accuracy": 0.18324226140975952}}