epoch,accuracy,loss,val_accuracy,val_loss
0,0.4178295433521271,1.3758593797683716,0.37277472019195557,1.5414354801177979
