{"sub-010": {"loss": 1.1488440036773682, "accuracy": 0.5542373061180115}, "sub-019": {"loss": 0.8346923589706421, "accuracy": 0.6815980672836304}, "sub-081": {"loss": 1.5729000568389893, "accuracy": 0.40155038237571716}, "sub-035": {"loss": 1.3670324087142944, "accuracy": 0.4679468274116516}, "sub-033": {"loss": 1.1352795362472534, "accuracy": 0.5524372458457947}, "sub-050": {"loss": 1.8576979637145996, "accuracy": 0.3523489832878113}, "sub-066": {"loss": 1.1034111976623535, "accuracy": 0.5668231844902039}, "sub-006": {"loss": 0.7826964855194092, "accuracy": 0.7048648595809937}, "sub-041": {"loss": 1.1931709051132202, "accuracy": 0.5429037809371948}, "sub-012": {"loss": 1.366982340812683, "accuracy": 0.4854721426963806}, "sub-008": {"loss": 0.7222439050674438, "accuracy": 0.7145278453826904}, "sub-032": {"loss": 0.825786828994751, "accuracy": 0.6753323674201965}, "sub-062": {"loss": 1.2747329473495483, "accuracy": 0.5155482888221741}, "sub-084": {"loss": 0.9413521885871887, "accuracy": 0.6508960723876953}, "sub-002": {"loss": 0.9321908354759216, "accuracy": 0.6338028311729431}, "sub-059": {"loss": 1.021454930305481, "accuracy": 0.6003273129463196}, "sub-070": {"loss": 0.9519997239112854, "accuracy": 0.632550835609436}, "sub-020": {"loss": 0.5745793581008911, "accuracy": 0.7730302810668945}, "sub-014": {"loss": 1.0338910818099976, "accuracy": 0.5968098044395447}, "sub-030": {"loss": 1.0786601305007935, "accuracy": 0.5981012582778931}, "sub-034": {"loss": 1.1725233793258667, "accuracy": 0.5701624751091003}, "sub-068": {"loss": 1.1322866678237915, "accuracy": 0.5671361684799194}, "sub-073": {"loss": 1.0882900953292847, "accuracy": 0.5908925533294678}, "sub-067": {"loss": 1.277635931968689, "accuracy": 0.5114241242408752}, "sub-027": {"loss": 0.6899121403694153, "accuracy": 0.7215189933776855}, "sub-057": {"loss": 0.8297573328018188, "accuracy": 0.6952536702156067}, "sub-028": {"loss": 0.8458752632141113, "accuracy": 0.6569620370864868}, "sub-046": {"loss": 1.0291435718536377, "accuracy": 0.5667910575866699}, "sub-077": {"loss": 1.7867003679275513, "accuracy": 0.3108910918235779}, "sub-023": {"loss": 1.2417969703674316, "accuracy": 0.5195091962814331}, "sub-078": {"loss": 0.840610146522522, "accuracy": 0.6597449779510498}, "sub-083": {"loss": 1.2644081115722656, "accuracy": 0.49247312545776367}, "sub-036": {"loss": 0.876301109790802, "accuracy": 0.6676514148712158}, "sub-029": {"loss": 0.960582971572876, "accuracy": 0.6053797602653503}, "sub-079": {"loss": 1.2259317636489868, "accuracy": 0.5003584027290344}, "sub-015": {"loss": 1.2643674612045288, "accuracy": 0.5246973633766174}, "sub-038": {"loss": 1.118237018585205, "accuracy": 0.5853180885314941}, "sub-047": {"loss": 0.8773396015167236, "accuracy": 0.6469388008117676}, "sub-017": {"loss": 1.2787827253341675, "accuracy": 0.4815047085285187}, "sub-071": {"loss": 1.7686737775802612, "accuracy": 0.36431923508644104}, "sub-001": {"loss": 0.9362280368804932, "accuracy": 0.6428571343421936}, "sub-065": {"loss": 1.2671375274658203, "accuracy": 0.5117371082305908}, "sub-004": {"loss": 1.209375023841858, "accuracy": 0.4945122003555298}, "sub-009": {"loss": 0.6069790720939636, "accuracy": 0.7639225125312805}, "sub-043": {"loss": 1.0267136096954346, "accuracy": 0.6052238941192627}, "sub-060": {"loss": 1.6033735275268555, "accuracy": 0.38749998807907104}, "sub-082": {"loss": 1.3094466924667358, "accuracy": 0.4813620150089264}, "sub-024": {"loss": 0.9644625782966614, "accuracy": 0.6220338940620422}, "sub-026": {"loss": 0.9951889514923096, "accuracy": 0.6399515867233276}, "sub-080": {"loss": 0.76441890001297, "accuracy": 0.709318995475769}, "sub-054": {"loss": 1.3815075159072876, "accuracy": 0.5001869201660156}, "sub-005": {"loss": 1.0364301204681396, "accuracy": 0.5943925380706787}, "sub-040": {"loss": 1.0407923460006714, "accuracy": 0.6078303456306458}, "sub-022": {"loss": 0.8576689958572388, "accuracy": 0.667239248752594}, "sub-025": {"loss": 0.818709671497345, "accuracy": 0.6822429895401001}, "sub-039": {"loss": 1.133332371711731, "accuracy": 0.5781403183937073}, "sub-007": {"loss": 1.1151821613311768, "accuracy": 0.5610169768333435}, "sub-075": {"loss": 0.9182011485099792, "accuracy": 0.6477231383323669}, "sub-053": {"loss": 1.4222501516342163, "accuracy": 0.4463551342487335}, "sub-055": {"loss": 0.9755900502204895, "accuracy": 0.6351401805877686}, "sub-042": {"loss": 0.7004856467247009, "accuracy": 0.7259380221366882}, "sub-048": {"loss": 0.9525316953659058, "accuracy": 0.6440251469612122}, "sub-011": {"loss": 1.456787109375, "accuracy": 0.4709443151950836}, "sub-045": {"loss": 1.2712774276733398, "accuracy": 0.5156716704368591}, "sub-056": {"loss": 1.3083680868148804, "accuracy": 0.4882242977619171}, "sub-013": {"loss": 0.6702539920806885, "accuracy": 0.7544794082641602}, "sub-072": {"loss": 0.6100738048553467, "accuracy": 0.771584689617157}, "sub-058": {"loss": 0.767646074295044, "accuracy": 0.6975449919700623}, "sub-085": {"loss": 0.7830395102500916, "accuracy": 0.6949820518493652}, "sub-021": {"loss": 1.3611762523651123, "accuracy": 0.4844171702861786}, "sub-064": {"loss": 1.3303743600845337, "accuracy": 0.4829421043395996}, "sub-018": {"loss": 1.2008789777755737, "accuracy": 0.5271186232566833}, "sub-063": {"loss": 1.2211380004882812, "accuracy": 0.5255085825920105}, "sub-069": {"loss": 1.1990687847137451, "accuracy": 0.5001565217971802}, "sub-044": {"loss": 0.39785560965538025, "accuracy": 0.8451492786407471}, "sub-003": {"loss": 0.6919903755187988, "accuracy": 0.7380145192146301}, "sub-049": {"loss": 1.3245294094085693, "accuracy": 0.47738316655158997}, "sub-051": {"loss": 1.6554136276245117, "accuracy": 0.3499065339565277}, "sub-016": {"loss": 1.1463830471038818, "accuracy": 0.5503631830215454}, "sub-052": {"loss": 0.9210571646690369, "accuracy": 0.6242990493774414}, "sub-061": {"loss": 1.0767472982406616, "accuracy": 0.5963993668556213}, "sub-074": {"loss": 1.0005555152893066, "accuracy": 0.6065573692321777}, "sub-076": {"loss": 1.4915598630905151, "accuracy": 0.43533697724342346}, "sub-031": {"loss": 0.5536552667617798, "accuracy": 0.7797468304634094}, "sub-037": {"loss": 1.078133463859558, "accuracy": 0.5748776793479919}}