{"sub-075": {"loss": 0.8215228915214539, "accuracy": 0.6863387823104858}, "sub-034": {"loss": 1.075354814529419, "accuracy": 0.5929098725318909}, "sub-016": {"loss": 1.0959643125534058, "accuracy": 0.5656174421310425}, "sub-020": {"loss": 0.5056900978088379, "accuracy": 0.8169696927070618}, "sub-046": {"loss": 1.0526546239852905, "accuracy": 0.5936567187309265}, "sub-001": {"loss": 0.8083963394165039, "accuracy": 0.6907990574836731}, "sub-080": {"loss": 0.785805344581604, "accuracy": 0.7021505236625671}, "sub-019": {"loss": 0.6967104077339172, "accuracy": 0.7343825697898865}, "sub-051": {"loss": 1.4125537872314453, "accuracy": 0.44598129391670227}, "sub-045": {"loss": 0.9785991907119751, "accuracy": 0.6167910695075989}, "sub-057": {"loss": 0.7664290070533752, "accuracy": 0.7103109359741211}, "sub-071": {"loss": 2.0285308361053467, "accuracy": 0.43035992980003357}, "sub-011": {"loss": 1.3883014917373657, "accuracy": 0.48886197805404663}, "sub-037": {"loss": 0.9678397178649902, "accuracy": 0.636867880821228}, "sub-065": {"loss": 1.2618972063064575, "accuracy": 0.5064162611961365}, "sub-043": {"loss": 0.831510603427887, "accuracy": 0.6485074758529663}, "sub-028": {"loss": 0.7133488655090332, "accuracy": 0.7272151708602905}, "sub-024": {"loss": 0.9073494672775269, "accuracy": 0.644309937953949}, "sub-030": {"loss": 0.939808189868927, "accuracy": 0.6291139125823975}, "sub-055": {"loss": 0.9950577020645142, "accuracy": 0.6493458151817322}, "sub-047": {"loss": 0.8400132656097412, "accuracy": 0.6863945722579956}, "sub-031": {"loss": 0.4419983923435211, "accuracy": 0.8376582264900208}, "sub-069": {"loss": 1.2260432243347168, "accuracy": 0.5458528995513916}, "sub-070": {"loss": 0.7811247110366821, "accuracy": 0.6860719919204712}, "sub-048": {"loss": 0.8520872592926025, "accuracy": 0.6842767000198364}, "sub-015": {"loss": 1.0970017910003662, "accuracy": 0.5569007396697998}, "sub-059": {"loss": 1.0118581056594849, "accuracy": 0.5931259989738464}, "sub-061": {"loss": 0.8733775615692139, "accuracy": 0.6592471599578857}, "sub-002": {"loss": 0.7786927223205566, "accuracy": 0.7143192291259766}, "sub-006": {"loss": 0.6329072117805481, "accuracy": 0.7435135245323181}, "sub-072": {"loss": 0.5963100790977478, "accuracy": 0.7781420946121216}, "sub-052": {"loss": 0.7719379663467407, "accuracy": 0.7117757201194763}, "sub-010": {"loss": 0.9912999272346497, "accuracy": 0.6157385110855103}, "sub-056": {"loss": 1.274670958518982, "accuracy": 0.5368224382400513}, "sub-060": {"loss": 1.4982373714447021, "accuracy": 0.4015151560306549}, "sub-081": {"loss": 1.582723617553711, "accuracy": 0.4387596845626831}, "sub-041": {"loss": 0.9394190907478333, "accuracy": 0.6616639494895935}, "sub-040": {"loss": 0.9498152136802673, "accuracy": 0.6336052417755127}, "sub-014": {"loss": 0.9088615775108337, "accuracy": 0.6269938945770264}, "sub-027": {"loss": 0.6516434550285339, "accuracy": 0.7683544158935547}, "sub-058": {"loss": 0.7600242495536804, "accuracy": 0.7234042286872864}, "sub-012": {"loss": 1.4052655696868896, "accuracy": 0.4384987950325012}, "sub-005": {"loss": 0.8428305387496948, "accuracy": 0.663551390171051}, "sub-077": {"loss": 2.5190463066101074, "accuracy": 0.2924092411994934}, "sub-085": {"loss": 0.6949411034584045, "accuracy": 0.7548387050628662}, "sub-044": {"loss": 0.2667003571987152, "accuracy": 0.8992537260055542}, "sub-021": {"loss": 1.3378195762634277, "accuracy": 0.4777913987636566}, "sub-049": {"loss": 1.355938196182251, "accuracy": 0.48074766993522644}, "sub-054": {"loss": 1.185882568359375, "accuracy": 0.5536448359489441}, "sub-038": {"loss": 0.9911928772926331, "accuracy": 0.6071777939796448}, "sub-073": {"loss": 1.002804160118103, "accuracy": 0.6112932562828064}, "sub-013": {"loss": 0.5441310405731201, "accuracy": 0.8099273443222046}, "sub-074": {"loss": 0.8809457421302795, "accuracy": 0.6608378887176514}, "sub-004": {"loss": 1.1551218032836914, "accuracy": 0.5201219320297241}, "sub-007": {"loss": 1.0083235502243042, "accuracy": 0.6138014793395996}, "sub-063": {"loss": 1.1863534450531006, "accuracy": 0.5358372330665588}, "sub-062": {"loss": 1.2912195920944214, "accuracy": 0.4628477990627289}, "sub-068": {"loss": 1.0125571489334106, "accuracy": 0.6234741806983948}, "sub-083": {"loss": 1.0592401027679443, "accuracy": 0.5860214829444885}, "sub-023": {"loss": 1.0235892534255981, "accuracy": 0.6046625971794128}, "sub-022": {"loss": 0.9334666132926941, "accuracy": 0.6422085762023926}, "sub-029": {"loss": 0.9744899272918701, "accuracy": 0.603164553642273}, "sub-033": {"loss": 1.1765412092208862, "accuracy": 0.5474150776863098}, "sub-003": {"loss": 0.6776605844497681, "accuracy": 0.7622275948524475}, "sub-076": {"loss": 1.1819781064987183, "accuracy": 0.5449908971786499}, "sub-067": {"loss": 1.212051272392273, "accuracy": 0.5164319276809692}, "sub-018": {"loss": 1.0610133409500122, "accuracy": 0.5743341445922852}, "sub-025": {"loss": 0.7716795206069946, "accuracy": 0.7020026445388794}, "sub-079": {"loss": 1.3011853694915771, "accuracy": 0.5032258033752441}, "sub-035": {"loss": 1.183809757232666, "accuracy": 0.5320531725883484}, "sub-039": {"loss": 0.9625235795974731, "accuracy": 0.5846655964851379}, "sub-009": {"loss": 0.542626678943634, "accuracy": 0.7779660820960999}, "sub-050": {"loss": 1.549647331237793, "accuracy": 0.37651005387306213}, "sub-026": {"loss": 0.8850440382957458, "accuracy": 0.6389830708503723}, "sub-032": {"loss": 0.7294856309890747, "accuracy": 0.7249630689620972}, "sub-066": {"loss": 1.1180346012115479, "accuracy": 0.5417840480804443}, "sub-042": {"loss": 0.5988367199897766, "accuracy": 0.773572564125061}, "sub-053": {"loss": 1.28764808177948, "accuracy": 0.5229906439781189}, "sub-064": {"loss": 1.216160535812378, "accuracy": 0.5273865461349487}, "sub-008": {"loss": 0.671417236328125, "accuracy": 0.7634382843971252}, "sub-017": {"loss": 1.2175644636154175, "accuracy": 0.5015674233436584}, "sub-036": {"loss": 0.7701672911643982, "accuracy": 0.6971935033798218}, "sub-084": {"loss": 0.9199151992797852, "accuracy": 0.6799283027648926}, "sub-082": {"loss": 1.1575902700424194, "accuracy": 0.550537645816803}, "sub-078": {"loss": 0.8159235119819641, "accuracy": 0.7038251161575317}}