{"sub-002": {"loss": 0.7431634664535522, "accuracy": 0.7403755784034729}, "sub-019": {"loss": 0.7020899653434753, "accuracy": 0.7353510856628418}, "sub-026": {"loss": 0.978226900100708, "accuracy": 0.6457627415657043}, "sub-078": {"loss": 0.857906699180603, "accuracy": 0.7213114500045776}, "sub-030": {"loss": 1.17708158493042, "accuracy": 0.6202531456947327}, "sub-048": {"loss": 1.1127347946166992, "accuracy": 0.6675052642822266}, "sub-054": {"loss": 1.5649791955947876, "accuracy": 0.5241121649742126}, "sub-034": {"loss": 1.43979811668396, "accuracy": 0.5970457792282104}, "sub-020": {"loss": 0.6047787070274353, "accuracy": 0.7757575511932373}, "sub-025": {"loss": 0.8069474697113037, "accuracy": 0.7078771591186523}, "sub-077": {"loss": 2.1268150806427, "accuracy": 0.3254125416278839}, "sub-018": {"loss": 1.0280227661132812, "accuracy": 0.6092009544372559}, "sub-067": {"loss": 1.3694247007369995, "accuracy": 0.5680751204490662}, "sub-050": {"loss": 2.117351770401001, "accuracy": 0.4053691327571869}, "sub-013": {"loss": 0.614550769329071, "accuracy": 0.7762711644172668}, "sub-024": {"loss": 0.8815284967422485, "accuracy": 0.660290539264679}, "sub-063": {"loss": 1.525949239730835, "accuracy": 0.5323943495750427}, "sub-045": {"loss": 1.1817418336868286, "accuracy": 0.6018656492233276}, "sub-079": {"loss": 1.3125804662704468, "accuracy": 0.5562723875045776}, "sub-057": {"loss": 1.129116177558899, "accuracy": 0.6549918055534363}, "sub-059": {"loss": 1.18793523311615, "accuracy": 0.6075286269187927}, "sub-072": {"loss": 0.6630071401596069, "accuracy": 0.7832422852516174}, "sub-023": {"loss": 1.0326645374298096, "accuracy": 0.605644166469574}, "sub-040": {"loss": 1.3454219102859497, "accuracy": 0.5924959182739258}, "sub-033": {"loss": 1.3510040044784546, "accuracy": 0.5722303986549377}, "sub-016": {"loss": 1.020203709602356, "accuracy": 0.6092009544372559}, "sub-042": {"loss": 0.8962719440460205, "accuracy": 0.749102771282196}, "sub-064": {"loss": 1.4580581188201904, "accuracy": 0.5258215665817261}, "sub-047": {"loss": 1.0103622674942017, "accuracy": 0.6636054515838623}, "sub-005": {"loss": 0.9071757793426514, "accuracy": 0.6427236199378967}, "sub-081": {"loss": 1.7643049955368042, "accuracy": 0.48527130484580994}, "sub-082": {"loss": 1.3732918500900269, "accuracy": 0.5405017733573914}, "sub-036": {"loss": 1.0681283473968506, "accuracy": 0.7178729772567749}, "sub-032": {"loss": 1.050593614578247, "accuracy": 0.7249630689620972}, "sub-073": {"loss": 1.142524242401123, "accuracy": 0.6364298462867737}, "sub-039": {"loss": 1.2451443672180176, "accuracy": 0.6456769704818726}, "sub-055": {"loss": 1.1501151323318481, "accuracy": 0.6467289924621582}, "sub-049": {"loss": 1.462551236152649, "accuracy": 0.5173831582069397}, "sub-017": {"loss": 1.0115066766738892, "accuracy": 0.5642633438110352}, "sub-076": {"loss": 1.4217040538787842, "accuracy": 0.54171222448349}, "sub-043": {"loss": 1.1864259243011475, "accuracy": 0.6593283414840698}, "sub-007": {"loss": 0.9954943060874939, "accuracy": 0.6358353495597839}, "sub-009": {"loss": 0.5428432822227478, "accuracy": 0.8021791577339172}, "sub-022": {"loss": 0.9262734055519104, "accuracy": 0.626503050327301}, "sub-008": {"loss": 0.6724590063095093, "accuracy": 0.7394673228263855}, "sub-012": {"loss": 1.3913673162460327, "accuracy": 0.45084744691848755}, "sub-070": {"loss": 1.0283260345458984, "accuracy": 0.6738654375076294}, "sub-051": {"loss": 1.7899339199066162, "accuracy": 0.42915886640548706}, "sub-014": {"loss": 0.982904851436615, "accuracy": 0.629447877407074}, "sub-028": {"loss": 1.1901730298995972, "accuracy": 0.6560126543045044}, "sub-031": {"loss": 0.8858780264854431, "accuracy": 0.7715190052986145}, "sub-029": {"loss": 1.3210276365280151, "accuracy": 0.5911392569541931}, "sub-066": {"loss": 1.1851173639297485, "accuracy": 0.6087636947631836}, "sub-074": {"loss": 0.9425296783447266, "accuracy": 0.6998178362846375}, "sub-037": {"loss": 1.243558406829834, "accuracy": 0.6061990261077881}, "sub-006": {"loss": 0.6979203224182129, "accuracy": 0.7372972965240479}, "sub-010": {"loss": 1.1889654397964478, "accuracy": 0.5581113696098328}, "sub-061": {"loss": 1.265794038772583, "accuracy": 0.600654661655426}, "sub-068": {"loss": 1.3853976726531982, "accuracy": 0.5461658835411072}, "sub-056": {"loss": 1.4861682653427124, "accuracy": 0.5256074666976929}, "sub-046": {"loss": 1.3006064891815186, "accuracy": 0.6324626803398132}, "sub-038": {"loss": 1.1708183288574219, "accuracy": 0.6296900510787964}, "sub-060": {"loss": 1.7233390808105469, "accuracy": 0.45643940567970276}, "sub-041": {"loss": 1.1819438934326172, "accuracy": 0.6283850073814392}, "sub-075": {"loss": 1.020308017730713, "accuracy": 0.6666666865348816}, "sub-027": {"loss": 1.0178006887435913, "accuracy": 0.7294303774833679}, "sub-084": {"loss": 1.0570998191833496, "accuracy": 0.6853046417236328}, "sub-044": {"loss": 0.6296443939208984, "accuracy": 0.8488805890083313}, "sub-085": {"loss": 0.8409612774848938, "accuracy": 0.7394264936447144}, "sub-058": {"loss": 1.0121525526046753, "accuracy": 0.7116202712059021}, "sub-065": {"loss": 1.3808338642120361, "accuracy": 0.5543035864830017}, "sub-011": {"loss": 1.3919757604599, "accuracy": 0.48910412192344666}, "sub-003": {"loss": 0.6208329796791077, "accuracy": 0.7510895729064941}, "sub-080": {"loss": 0.9753713607788086, "accuracy": 0.6974910497665405}, "sub-053": {"loss": 1.439591407775879, "accuracy": 0.5424299240112305}, "sub-015": {"loss": 1.0303231477737427, "accuracy": 0.6007263660430908}, "sub-083": {"loss": 1.3113553524017334, "accuracy": 0.5594981908798218}, "sub-001": {"loss": 0.8899689316749573, "accuracy": 0.6554479598999023}, "sub-069": {"loss": 1.4638010263442993, "accuracy": 0.5098591446876526}, "sub-021": {"loss": 1.2543269395828247, "accuracy": 0.5214723944664001}, "sub-035": {"loss": 1.5278669595718384, "accuracy": 0.5344165563583374}, "sub-071": {"loss": 1.1927992105484009, "accuracy": 0.599373996257782}, "sub-062": {"loss": 1.4500775337219238, "accuracy": 0.5145663022994995}, "sub-052": {"loss": 1.0528770685195923, "accuracy": 0.6590654253959656}, "sub-004": {"loss": 1.3257566690444946, "accuracy": 0.507317066192627}}