{"sub-072": {"loss": 0.7637270092964172, "accuracy": 0.7289617657661438}, "sub-009": {"loss": 0.4971621036529541, "accuracy": 0.8055689930915833}, "sub-047": {"loss": 0.9527081251144409, "accuracy": 0.6455782055854797}, "sub-046": {"loss": 1.0579910278320312, "accuracy": 0.5914179086685181}, "sub-063": {"loss": 1.4648252725601196, "accuracy": 0.506729245185852}, "sub-039": {"loss": 1.0789599418640137, "accuracy": 0.6039151549339294}, "sub-001": {"loss": 0.850638747215271, "accuracy": 0.67167067527771}, "sub-048": {"loss": 0.9266132712364197, "accuracy": 0.6696016788482666}, "sub-004": {"loss": 1.2950325012207031, "accuracy": 0.5115853548049927}, "sub-068": {"loss": 1.1884677410125732, "accuracy": 0.5405320525169373}, "sub-008": {"loss": 0.6062399744987488, "accuracy": 0.7682808637619019}, "sub-013": {"loss": 0.6874106526374817, "accuracy": 0.7336561679840088}, "sub-044": {"loss": 0.3595217168331146, "accuracy": 0.8638059496879578}, "sub-084": {"loss": 0.8659546971321106, "accuracy": 0.685663104057312}, "sub-064": {"loss": 1.3659926652908325, "accuracy": 0.5042253732681274}, "sub-079": {"loss": 1.3506035804748535, "accuracy": 0.4978494644165039}, "sub-005": {"loss": 0.8971372246742249, "accuracy": 0.6507343053817749}, "sub-045": {"loss": 1.3002163171768188, "accuracy": 0.5477612018585205}, "sub-082": {"loss": 1.426851511001587, "accuracy": 0.5053763389587402}, "sub-041": {"loss": 0.9615665078163147, "accuracy": 0.6404567956924438}, "sub-081": {"loss": 1.9369018077850342, "accuracy": 0.38449612259864807}, "sub-006": {"loss": 0.711870014667511, "accuracy": 0.7291892170906067}, "sub-007": {"loss": 1.1262134313583374, "accuracy": 0.6014527678489685}, "sub-074": {"loss": 0.8977092504501343, "accuracy": 0.6626594066619873}, "sub-040": {"loss": 1.0524098873138428, "accuracy": 0.6058727502822876}, "sub-053": {"loss": 1.3100048303604126, "accuracy": 0.5136448740959167}, "sub-083": {"loss": 1.349353551864624, "accuracy": 0.47562724351882935}, "sub-085": {"loss": 0.7623470425605774, "accuracy": 0.7043010592460632}, "sub-030": {"loss": 0.9621220231056213, "accuracy": 0.6335443258285522}, "sub-058": {"loss": 0.6761724948883057, "accuracy": 0.7384615540504456}, "sub-034": {"loss": 1.3000332117080688, "accuracy": 0.5246676802635193}, "sub-017": {"loss": 1.1418155431747437, "accuracy": 0.5479623675346375}, "sub-025": {"loss": 0.7615875601768494, "accuracy": 0.7009345889091492}, "sub-036": {"loss": 0.9156836271286011, "accuracy": 0.6581979393959045}, "sub-038": {"loss": 1.0474404096603394, "accuracy": 0.6110929846763611}, "sub-066": {"loss": 1.1334223747253418, "accuracy": 0.5805946588516235}, "sub-026": {"loss": 1.1306341886520386, "accuracy": 0.6009685397148132}, "sub-014": {"loss": 0.9921998977661133, "accuracy": 0.619877278804779}, "sub-049": {"loss": 1.312321424484253, "accuracy": 0.5241121649742126}, "sub-071": {"loss": 1.7199770212173462, "accuracy": 0.4012519419193268}, "sub-012": {"loss": 1.5174198150634766, "accuracy": 0.4510895907878876}, "sub-054": {"loss": 1.4700464010238647, "accuracy": 0.5013083815574646}, "sub-031": {"loss": 0.6372901797294617, "accuracy": 0.7598101496696472}, "sub-043": {"loss": 0.9574054479598999, "accuracy": 0.6373134255409241}, "sub-019": {"loss": 0.7275511622428894, "accuracy": 0.7290557026863098}, "sub-057": {"loss": 0.7663135528564453, "accuracy": 0.7129296064376831}, "sub-059": {"loss": 1.1182221174240112, "accuracy": 0.5685760974884033}, "sub-067": {"loss": 1.2344862222671509, "accuracy": 0.5496087670326233}, "sub-069": {"loss": 1.2450815439224243, "accuracy": 0.5430359840393066}, "sub-020": {"loss": 0.644870400428772, "accuracy": 0.7448484897613525}, "sub-080": {"loss": 0.7233499884605408, "accuracy": 0.7415770888328552}, "sub-003": {"loss": 0.7092457413673401, "accuracy": 0.7251815795898438}, "sub-055": {"loss": 0.8241458535194397, "accuracy": 0.6665420532226562}, "sub-023": {"loss": 1.1531511545181274, "accuracy": 0.5771779417991638}, "sub-077": {"loss": 1.2462761402130127, "accuracy": 0.499009907245636}, "sub-051": {"loss": 1.6854687929153442, "accuracy": 0.40598130226135254}, "sub-022": {"loss": 0.9898490309715271, "accuracy": 0.6341104507446289}, "sub-037": {"loss": 1.0845805406570435, "accuracy": 0.6039151549339294}, "sub-018": {"loss": 1.1069616079330444, "accuracy": 0.5772396922111511}, "sub-027": {"loss": 0.6904363036155701, "accuracy": 0.7335442900657654}, "sub-061": {"loss": 0.9534317851066589, "accuracy": 0.6379705667495728}, "sub-028": {"loss": 0.789090633392334, "accuracy": 0.6898733973503113}, "sub-065": {"loss": 1.1556432247161865, "accuracy": 0.5602504014968872}, "sub-070": {"loss": 1.0310885906219482, "accuracy": 0.6244131326675415}, "sub-024": {"loss": 0.9377658367156982, "accuracy": 0.6355932354927063}, "sub-010": {"loss": 1.2594858407974243, "accuracy": 0.5418885946273804}, "sub-011": {"loss": 1.54324209690094, "accuracy": 0.4799031615257263}, "sub-042": {"loss": 0.6375921368598938, "accuracy": 0.7598695158958435}, "sub-015": {"loss": 1.2355899810791016, "accuracy": 0.5648910403251648}, "sub-035": {"loss": 1.3973273038864136, "accuracy": 0.4968980848789215}, "sub-073": {"loss": 0.9862368702888489, "accuracy": 0.6331511735916138}, "sub-032": {"loss": 0.8240192532539368, "accuracy": 0.6800590753555298}, "sub-075": {"loss": 0.6991393566131592, "accuracy": 0.722040057182312}, "sub-052": {"loss": 0.8158454298973083, "accuracy": 0.6960747838020325}, "sub-060": {"loss": 1.6212432384490967, "accuracy": 0.38787877559661865}, "sub-062": {"loss": 1.4570398330688477, "accuracy": 0.4471358358860016}, "sub-076": {"loss": 1.3133965730667114, "accuracy": 0.5285974740982056}, "sub-056": {"loss": 1.2381591796875, "accuracy": 0.533831775188446}, "sub-016": {"loss": 1.135221004486084, "accuracy": 0.5677965879440308}, "sub-050": {"loss": 1.862597107887268, "accuracy": 0.33758389949798584}, "sub-029": {"loss": 0.9415875673294067, "accuracy": 0.6367088556289673}, "sub-002": {"loss": 0.8317473530769348, "accuracy": 0.6997652649879456}, "sub-033": {"loss": 1.133160948753357, "accuracy": 0.5994091629981995}, "sub-021": {"loss": 1.4038643836975098, "accuracy": 0.4750920236110687}, "sub-078": {"loss": 0.7277988791465759, "accuracy": 0.7413479089736938}}