{"sub-041": {"loss": 0.83150714635849, "accuracy": 0.677324652671814}, "sub-024": {"loss": 0.9099136590957642, "accuracy": 0.6501210927963257}, "sub-082": {"loss": 1.2226561307907104, "accuracy": 0.5641577243804932}, "sub-057": {"loss": 0.7775644659996033, "accuracy": 0.6978723406791687}, "sub-053": {"loss": 1.1263728141784668, "accuracy": 0.5540186762809753}, "sub-068": {"loss": 1.0744836330413818, "accuracy": 0.580281674861908}, "sub-076": {"loss": 1.150011658668518, "accuracy": 0.5577413439750671}, "sub-084": {"loss": 0.6640399694442749, "accuracy": 0.7548387050628662}, "sub-066": {"loss": 1.121357798576355, "accuracy": 0.56463223695755}, "sub-081": {"loss": 1.1945252418518066, "accuracy": 0.5341085195541382}, "sub-012": {"loss": 1.42739999294281, "accuracy": 0.4641646444797516}, "sub-028": {"loss": 0.7412490248680115, "accuracy": 0.7028480768203735}, "sub-060": {"loss": 1.5502376556396484, "accuracy": 0.4049242436885834}, "sub-008": {"loss": 0.5970286726951599, "accuracy": 0.7675544619560242}, "sub-014": {"loss": 0.8564977645874023, "accuracy": 0.656932532787323}, "sub-037": {"loss": 0.8840563893318176, "accuracy": 0.67177814245224}, "sub-036": {"loss": 0.8359339833259583, "accuracy": 0.6794682145118713}, "sub-070": {"loss": 0.811115562915802, "accuracy": 0.6976525783538818}, "sub-018": {"loss": 1.035256266593933, "accuracy": 0.6089588403701782}, "sub-003": {"loss": 0.5965003967285156, "accuracy": 0.7815980911254883}, "sub-020": {"loss": 0.5475407242774963, "accuracy": 0.7993939518928528}, "sub-056": {"loss": 1.1970117092132568, "accuracy": 0.5229906439781189}, "sub-047": {"loss": 0.7297043800354004, "accuracy": 0.7095237970352173}, "sub-085": {"loss": 0.6141427755355835, "accuracy": 0.76917564868927}, "sub-052": {"loss": 0.7277432084083557, "accuracy": 0.7158878445625305}, "sub-034": {"loss": 1.200574278831482, "accuracy": 0.5471196174621582}, "sub-004": {"loss": 1.1358790397644043, "accuracy": 0.5707316994667053}, "sub-025": {"loss": 0.6726685166358948, "accuracy": 0.748197615146637}, "sub-022": {"loss": 0.8598395586013794, "accuracy": 0.6515337228775024}, "sub-080": {"loss": 0.6765847206115723, "accuracy": 0.740143358707428}, "sub-002": {"loss": 0.7816553115844727, "accuracy": 0.703990638256073}, "sub-023": {"loss": 1.0985629558563232, "accuracy": 0.5847852826118469}, "sub-050": {"loss": 1.6428791284561157, "accuracy": 0.4120805263519287}, "sub-078": {"loss": 0.6975933909416199, "accuracy": 0.7267759442329407}, "sub-042": {"loss": 0.5249152183532715, "accuracy": 0.8006525039672852}, "sub-007": {"loss": 0.9631370306015015, "accuracy": 0.629539966583252}, "sub-071": {"loss": 1.7020089626312256, "accuracy": 0.3746478855609894}, "sub-019": {"loss": 0.7087444067001343, "accuracy": 0.7263922691345215}, "sub-045": {"loss": 0.9710484743118286, "accuracy": 0.6279850602149963}, "sub-044": {"loss": 0.27049463987350464, "accuracy": 0.8944029808044434}, "sub-026": {"loss": 0.9059935808181763, "accuracy": 0.6530266404151917}, "sub-046": {"loss": 0.9523760676383972, "accuracy": 0.6354477405548096}, "sub-048": {"loss": 0.7188804149627686, "accuracy": 0.7312368750572205}, "sub-031": {"loss": 0.47096386551856995, "accuracy": 0.8221518993377686}, "sub-001": {"loss": 0.7452943921089172, "accuracy": 0.7036319375038147}, "sub-039": {"loss": 0.9939311146736145, "accuracy": 0.6114192605018616}, "sub-055": {"loss": 0.9060910940170288, "accuracy": 0.6489719748497009}, "sub-049": {"loss": 1.1282837390899658, "accuracy": 0.5794392228126526}, "sub-017": {"loss": 1.1219141483306885, "accuracy": 0.5717868208885193}, "sub-075": {"loss": 0.7218509912490845, "accuracy": 0.7479052543640137}, "sub-062": {"loss": 1.0695430040359497, "accuracy": 0.5620294809341431}, "sub-079": {"loss": 1.259568452835083, "accuracy": 0.5229390859603882}, "sub-059": {"loss": 0.8753694295883179, "accuracy": 0.6428804993629456}, "sub-015": {"loss": 1.1671253442764282, "accuracy": 0.6058111190795898}, "sub-013": {"loss": 0.5273387432098389, "accuracy": 0.7895883917808533}, "sub-016": {"loss": 1.0284653902053833, "accuracy": 0.6077482104301453}, "sub-040": {"loss": 1.0055911540985107, "accuracy": 0.6166394948959351}, "sub-021": {"loss": 1.2487702369689941, "accuracy": 0.5246625542640686}, "sub-011": {"loss": 1.3065674304962158, "accuracy": 0.5004842877388}, "sub-069": {"loss": 1.2721401453018188, "accuracy": 0.5148670077323914}, "sub-038": {"loss": 0.8842944502830505, "accuracy": 0.652202308177948}, "sub-035": {"loss": 1.1022882461547852, "accuracy": 0.5621861219406128}, "sub-030": {"loss": 0.9788791537284851, "accuracy": 0.6123417615890503}, "sub-077": {"loss": 2.1456387042999268, "accuracy": 0.28316831588745117}, "sub-083": {"loss": 1.0393251180648804, "accuracy": 0.5767025351524353}, "sub-043": {"loss": 0.8760210275650024, "accuracy": 0.6634328365325928}, "sub-074": {"loss": 0.8490793108940125, "accuracy": 0.6775956153869629}, "sub-063": {"loss": 1.27359938621521, "accuracy": 0.5014084577560425}, "sub-072": {"loss": 0.5009482502937317, "accuracy": 0.7948998212814331}, "sub-033": {"loss": 1.058242917060852, "accuracy": 0.5748892426490784}, "sub-010": {"loss": 1.070132851600647, "accuracy": 0.5784503817558289}, "sub-051": {"loss": 1.3712143898010254, "accuracy": 0.4672897160053253}, "sub-032": {"loss": 0.6238226890563965, "accuracy": 0.753323495388031}, "sub-064": {"loss": 1.2573472261428833, "accuracy": 0.5449139475822449}, "sub-065": {"loss": 1.1617765426635742, "accuracy": 0.5395931005477905}, "sub-058": {"loss": 0.7026084065437317, "accuracy": 0.7178395986557007}, "sub-009": {"loss": 0.48427996039390564, "accuracy": 0.8070217967033386}, "sub-029": {"loss": 0.9093640446662903, "accuracy": 0.6462025046348572}, "sub-006": {"loss": 0.6161203384399414, "accuracy": 0.769189178943634}, "sub-054": {"loss": 1.3233634233474731, "accuracy": 0.5013083815574646}, "sub-061": {"loss": 0.7782877087593079, "accuracy": 0.6985269784927368}, "sub-005": {"loss": 0.7609946727752686, "accuracy": 0.7012016177177429}, "sub-067": {"loss": 1.1515756845474243, "accuracy": 0.5561815500259399}, "sub-027": {"loss": 0.5352370142936707, "accuracy": 0.777531623840332}, "sub-073": {"loss": 0.9381471276283264, "accuracy": 0.638979971408844}}