{"sub-048": {"loss": 0.8835761547088623, "accuracy": 0.647379457950592}, "sub-011": {"loss": 1.3627967834472656, "accuracy": 0.4707021713256836}, "sub-015": {"loss": 1.0509791374206543, "accuracy": 0.6002421379089355}, "sub-037": {"loss": 0.9391616582870483, "accuracy": 0.6202284097671509}, "sub-026": {"loss": 0.967685341835022, "accuracy": 0.6319612860679626}, "sub-032": {"loss": 0.7159737944602966, "accuracy": 0.7249630689620972}, "sub-045": {"loss": 1.0161701440811157, "accuracy": 0.5820895433425903}, "sub-076": {"loss": 1.2800999879837036, "accuracy": 0.5005464553833008}, "sub-063": {"loss": 1.2756391763687134, "accuracy": 0.5020344257354736}, "sub-007": {"loss": 1.0756713151931763, "accuracy": 0.5665859580039978}, "sub-018": {"loss": 1.1228718757629395, "accuracy": 0.5658595561981201}, "sub-057": {"loss": 0.9003877639770508, "accuracy": 0.6559737920761108}, "sub-081": {"loss": 1.4730716943740845, "accuracy": 0.3883720934391022}, "sub-066": {"loss": 1.1592910289764404, "accuracy": 0.5010954737663269}, "sub-046": {"loss": 0.9577471613883972, "accuracy": 0.5880597233772278}, "sub-070": {"loss": 0.9004128575325012, "accuracy": 0.6391236186027527}, "sub-038": {"loss": 1.0195088386535645, "accuracy": 0.6022838354110718}, "sub-010": {"loss": 1.094598412513733, "accuracy": 0.5559322237968445}, "sub-001": {"loss": 0.8472744822502136, "accuracy": 0.6682808995246887}, "sub-008": {"loss": 0.6370049715042114, "accuracy": 0.7820823192596436}, "sub-055": {"loss": 0.9113016724586487, "accuracy": 0.6553270816802979}, "sub-059": {"loss": 1.0775636434555054, "accuracy": 0.5770867466926575}, "sub-039": {"loss": 0.9980781078338623, "accuracy": 0.6094616651535034}, "sub-065": {"loss": 1.2781682014465332, "accuracy": 0.4913927912712097}, "sub-025": {"loss": 0.7536691427230835, "accuracy": 0.7316421866416931}, "sub-027": {"loss": 0.6926523447036743, "accuracy": 0.7395569682121277}, "sub-009": {"loss": 0.6044939160346985, "accuracy": 0.7578692436218262}, "sub-085": {"loss": 0.7716900110244751, "accuracy": 0.7007168531417847}, "sub-082": {"loss": 1.2364451885223389, "accuracy": 0.5265232920646667}, "sub-016": {"loss": 1.1214098930358887, "accuracy": 0.5651331543922424}, "sub-060": {"loss": 1.5034091472625732, "accuracy": 0.3852272629737854}, "sub-056": {"loss": 1.3918136358261108, "accuracy": 0.4456074833869934}, "sub-084": {"loss": 0.9289283752441406, "accuracy": 0.6559139490127563}, "sub-040": {"loss": 1.025334119796753, "accuracy": 0.6019575595855713}, "sub-080": {"loss": 0.7232300639152527, "accuracy": 0.7225806713104248}, "sub-034": {"loss": 1.0680265426635742, "accuracy": 0.5896602869033813}, "sub-020": {"loss": 0.6011877655982971, "accuracy": 0.7812120914459229}, "sub-036": {"loss": 0.883406400680542, "accuracy": 0.6487444639205933}, "sub-031": {"loss": 0.5264158248901367, "accuracy": 0.8101266026496887}, "sub-044": {"loss": 0.32938045263290405, "accuracy": 0.879104495048523}, "sub-014": {"loss": 0.9903547167778015, "accuracy": 0.6068711876869202}, "sub-073": {"loss": 1.040077567100525, "accuracy": 0.5996357202529907}, "sub-022": {"loss": 0.8799543976783752, "accuracy": 0.6449079513549805}, "sub-068": {"loss": 1.1298919916152954, "accuracy": 0.5395931005477905}, "sub-004": {"loss": 1.1688066720962524, "accuracy": 0.5317073464393616}, "sub-061": {"loss": 1.045641541481018, "accuracy": 0.5869067311286926}, "sub-067": {"loss": 1.191705346107483, "accuracy": 0.5039123892784119}, "sub-024": {"loss": 1.0012850761413574, "accuracy": 0.6019370555877686}, "sub-058": {"loss": 0.7794122099876404, "accuracy": 0.7008183598518372}, "sub-019": {"loss": 0.7863793969154358, "accuracy": 0.7031477093696594}, "sub-062": {"loss": 1.2370190620422363, "accuracy": 0.4968903362751007}, "sub-012": {"loss": 1.4038604497909546, "accuracy": 0.4360774755477905}, "sub-077": {"loss": 1.6549506187438965, "accuracy": 0.38019803166389465}, "sub-021": {"loss": 1.3721891641616821, "accuracy": 0.45325154066085815}, "sub-083": {"loss": 1.2799848318099976, "accuracy": 0.5071684718132019}, "sub-078": {"loss": 0.770439863204956, "accuracy": 0.7296903729438782}, "sub-028": {"loss": 0.8618241548538208, "accuracy": 0.6791139245033264}, "sub-072": {"loss": 0.6171699166297913, "accuracy": 0.7635701298713684}, "sub-074": {"loss": 0.7947986125946045, "accuracy": 0.6899817585945129}, "sub-079": {"loss": 1.2139766216278076, "accuracy": 0.490680992603302}, "sub-029": {"loss": 0.9678030014038086, "accuracy": 0.6113923788070679}, "sub-002": {"loss": 0.8546887636184692, "accuracy": 0.674178421497345}, "sub-003": {"loss": 0.7331994771957397, "accuracy": 0.7210654020309448}, "sub-006": {"loss": 0.7077561020851135, "accuracy": 0.7329729795455933}, "sub-053": {"loss": 1.2539995908737183, "accuracy": 0.48710280656814575}, "sub-069": {"loss": 1.1863737106323242, "accuracy": 0.5233176946640015}, "sub-049": {"loss": 1.2580007314682007, "accuracy": 0.4826168119907379}, "sub-013": {"loss": 0.6784270405769348, "accuracy": 0.7414043545722961}, "sub-030": {"loss": 0.967456579208374, "accuracy": 0.6047468185424805}, "sub-051": {"loss": 1.4663124084472656, "accuracy": 0.3861682116985321}, "sub-005": {"loss": 1.0095733404159546, "accuracy": 0.5895861387252808}, "sub-033": {"loss": 1.0720462799072266, "accuracy": 0.5604135990142822}, "sub-052": {"loss": 0.8703513145446777, "accuracy": 0.6672897338867188}, "sub-075": {"loss": 0.813081681728363, "accuracy": 0.6575592160224915}, "sub-047": {"loss": 0.8830659985542297, "accuracy": 0.6547619104385376}, "sub-041": {"loss": 0.958071231842041, "accuracy": 0.6309950947761536}, "sub-064": {"loss": 1.3068211078643799, "accuracy": 0.46666666865348816}, "sub-023": {"loss": 1.0654500722885132, "accuracy": 0.5757055282592773}, "sub-043": {"loss": 0.9667928814888, "accuracy": 0.6014925241470337}, "sub-017": {"loss": 1.204539179801941, "accuracy": 0.5159874558448792}, "sub-050": {"loss": 1.7814966440200806, "accuracy": 0.3181208074092865}, "sub-071": {"loss": 1.379613995552063, "accuracy": 0.44851329922676086}, "sub-035": {"loss": 1.2126538753509521, "accuracy": 0.5196455121040344}, "sub-054": {"loss": 1.2766286134719849, "accuracy": 0.4915887713432312}, "sub-042": {"loss": 0.5783787965774536, "accuracy": 0.7758564352989197}}