{"sub-030": {"loss": 0.9524855017662048, "accuracy": 0.6332278251647949}, "sub-003": {"loss": 0.6823288798332214, "accuracy": 0.7377724051475525}, "sub-063": {"loss": 1.38687002658844, "accuracy": 0.4744913876056671}, "sub-047": {"loss": 0.7949020266532898, "accuracy": 0.6938775777816772}, "sub-058": {"loss": 0.7154378294944763, "accuracy": 0.7067103385925293}, "sub-045": {"loss": 0.9682303071022034, "accuracy": 0.5839552283287048}, "sub-067": {"loss": 1.1456140279769897, "accuracy": 0.5449139475822449}, "sub-034": {"loss": 1.1786999702453613, "accuracy": 0.5633677840232849}, "sub-018": {"loss": 1.1137306690216064, "accuracy": 0.5934624671936035}, "sub-039": {"loss": 1.007786750793457, "accuracy": 0.6277324557304382}, "sub-024": {"loss": 0.9481760859489441, "accuracy": 0.649394690990448}, "sub-044": {"loss": 0.37348777055740356, "accuracy": 0.8414179086685181}, "sub-042": {"loss": 0.6513497233390808, "accuracy": 0.7481240034103394}, "sub-052": {"loss": 0.7550469040870667, "accuracy": 0.7028037309646606}, "sub-001": {"loss": 0.868930995464325, "accuracy": 0.6583535075187683}, "sub-002": {"loss": 0.8149657845497131, "accuracy": 0.7030516266822815}, "sub-085": {"loss": 0.6563673615455627, "accuracy": 0.7483870983123779}, "sub-064": {"loss": 1.2110742330551147, "accuracy": 0.5192488431930542}, "sub-073": {"loss": 0.9761151075363159, "accuracy": 0.6029143929481506}, "sub-083": {"loss": 1.1198291778564453, "accuracy": 0.5501791834831238}, "sub-056": {"loss": 1.3149127960205078, "accuracy": 0.474766343832016}, "sub-008": {"loss": 0.6084186434745789, "accuracy": 0.7612590789794922}, "sub-014": {"loss": 0.9923126101493835, "accuracy": 0.6041717529296875}, "sub-006": {"loss": 0.6064810156822205, "accuracy": 0.7629729509353638}, "sub-080": {"loss": 0.7426974773406982, "accuracy": 0.7129032015800476}, "sub-059": {"loss": 0.8363228440284729, "accuracy": 0.67103111743927}, "sub-022": {"loss": 0.9513570666313171, "accuracy": 0.6201226711273193}, "sub-049": {"loss": 1.1623237133026123, "accuracy": 0.5525233745574951}, "sub-070": {"loss": 0.8969916701316833, "accuracy": 0.6638497710227966}, "sub-017": {"loss": 1.0869592428207397, "accuracy": 0.5385580062866211}, "sub-081": {"loss": 1.5881905555725098, "accuracy": 0.4124031066894531}, "sub-082": {"loss": 1.2423471212387085, "accuracy": 0.5200716853141785}, "sub-032": {"loss": 0.7360152006149292, "accuracy": 0.7075332403182983}, "sub-054": {"loss": 1.3240443468093872, "accuracy": 0.4762616753578186}, "sub-005": {"loss": 0.8274250030517578, "accuracy": 0.69532710313797}, "sub-074": {"loss": 0.7428105473518372, "accuracy": 0.7194899916648865}, "sub-072": {"loss": 0.5226142406463623, "accuracy": 0.8091074824333191}, "sub-023": {"loss": 1.1099755764007568, "accuracy": 0.5548466444015503}, "sub-016": {"loss": 1.0751216411590576, "accuracy": 0.5796610116958618}, "sub-025": {"loss": 0.7846542596817017, "accuracy": 0.6886515617370605}, "sub-061": {"loss": 0.9329851865768433, "accuracy": 0.6376432180404663}, "sub-040": {"loss": 1.1113166809082031, "accuracy": 0.564437210559845}, "sub-069": {"loss": 1.2113503217697144, "accuracy": 0.512363076210022}, "sub-068": {"loss": 1.0377122163772583, "accuracy": 0.5924882888793945}, "sub-012": {"loss": 1.4259734153747559, "accuracy": 0.44261500239372253}, "sub-079": {"loss": 1.178934097290039, "accuracy": 0.541218638420105}, "sub-075": {"loss": 0.7955149412155151, "accuracy": 0.7158470153808594}, "sub-009": {"loss": 0.5545964241027832, "accuracy": 0.7682808637619019}, "sub-015": {"loss": 1.0761463642120361, "accuracy": 0.5997578501701355}, "sub-041": {"loss": 0.8603595495223999, "accuracy": 0.666231632232666}, "sub-076": {"loss": 1.1649386882781982, "accuracy": 0.5657559037208557}, "sub-051": {"loss": 1.4424463510513306, "accuracy": 0.43887850642204285}, "sub-026": {"loss": 1.0262891054153442, "accuracy": 0.5895884037017822}, "sub-066": {"loss": 1.0143283605575562, "accuracy": 0.5962441563606262}, "sub-028": {"loss": 0.8130567073822021, "accuracy": 0.6753164529800415}, "sub-013": {"loss": 0.5954795479774475, "accuracy": 0.7820823192596436}, "sub-043": {"loss": 0.8939972519874573, "accuracy": 0.6462686657905579}, "sub-021": {"loss": 1.2988951206207275, "accuracy": 0.5084662437438965}, "sub-084": {"loss": 0.786521852016449, "accuracy": 0.6956989169120789}, "sub-048": {"loss": 0.853797972202301, "accuracy": 0.6763103008270264}, "sub-029": {"loss": 0.9771919846534729, "accuracy": 0.6196202635765076}, "sub-077": {"loss": 2.1889917850494385, "accuracy": 0.2752475142478943}, "sub-007": {"loss": 0.9907342195510864, "accuracy": 0.634624719619751}, "sub-037": {"loss": 0.9274986982345581, "accuracy": 0.6371941566467285}, "sub-020": {"loss": 0.6169040203094482, "accuracy": 0.7775757312774658}, "sub-053": {"loss": 1.177614688873291, "accuracy": 0.5383177399635315}, "sub-055": {"loss": 0.8220683336257935, "accuracy": 0.6826168298721313}, "sub-036": {"loss": 0.9127236008644104, "accuracy": 0.6800590753555298}, "sub-004": {"loss": 1.2453590631484985, "accuracy": 0.5060975551605225}, "sub-060": {"loss": 1.4596116542816162, "accuracy": 0.43030303716659546}, "sub-062": {"loss": 1.2651591300964355, "accuracy": 0.4824877381324768}, "sub-027": {"loss": 0.6616221070289612, "accuracy": 0.7291139364242554}, "sub-057": {"loss": 0.8059390783309937, "accuracy": 0.7194762825965881}, "sub-019": {"loss": 0.7075335383415222, "accuracy": 0.7213075160980225}, "sub-033": {"loss": 1.0794607400894165, "accuracy": 0.5740029811859131}, "sub-071": {"loss": 0.8546954989433289, "accuracy": 0.6697965860366821}, "sub-010": {"loss": 1.095401406288147, "accuracy": 0.5736077427864075}, "sub-078": {"loss": 0.6940466165542603, "accuracy": 0.727504551410675}, "sub-031": {"loss": 0.554935872554779, "accuracy": 0.7876582145690918}, "sub-011": {"loss": 1.3889906406402588, "accuracy": 0.506295382976532}, "sub-035": {"loss": 1.1863206624984741, "accuracy": 0.5370753407478333}, "sub-046": {"loss": 0.9985495209693909, "accuracy": 0.5850746035575867}, "sub-050": {"loss": 1.5809838771820068, "accuracy": 0.3986577093601227}, "sub-065": {"loss": 1.1399301290512085, "accuracy": 0.5417840480804443}, "sub-038": {"loss": 0.9599974155426025, "accuracy": 0.6179445385932922}}