{"sub-004": {"loss": 2.1523892879486084, "accuracy": 0.33571428060531616}, "sub-038": {"loss": 1.7282229661941528, "accuracy": 0.42105263471603394}, "sub-051": {"loss": 2.4401888847351074, "accuracy": 0.28597450256347656}, "sub-026": {"loss": 1.9363245964050293, "accuracy": 0.3744680881500244}, "sub-048": {"loss": 1.6830936670303345, "accuracy": 0.44989773631095886}, "sub-080": {"loss": 1.7492369413375854, "accuracy": 0.44070175290107727}, "sub-049": {"loss": 1.9858514070510864, "accuracy": 0.32094717025756836}, "sub-076": {"loss": 1.9654908180236816, "accuracy": 0.35686275362968445}, "sub-053": {"loss": 2.017930030822754, "accuracy": 0.3438979983329773}, "sub-068": {"loss": 2.024266242980957, "accuracy": 0.3629402816295624}, "sub-082": {"loss": 1.6888304948806763, "accuracy": 0.4350877106189728}, "sub-027": {"loss": 1.2455559968948364, "accuracy": 0.564939022064209}, "sub-052": {"loss": 1.5177243947982788, "accuracy": 0.4692167639732361}, "sub-005": {"loss": 1.9330103397369385, "accuracy": 0.4177314341068268}, "sub-029": {"loss": 1.7662616968154907, "accuracy": 0.39420732855796814}, "sub-050": {"loss": 2.2942581176757812, "accuracy": 0.27124184370040894}, "sub-075": {"loss": 1.8042333126068115, "accuracy": 0.3918003439903259}, "sub-022": {"loss": 1.9151030778884888, "accuracy": 0.38900837302207947}, "sub-059": {"loss": 1.4064275026321411, "accuracy": 0.4947200119495392}, "sub-008": {"loss": 1.8611632585525513, "accuracy": 0.3926714062690735}, "sub-042": {"loss": 1.272796630859375, "accuracy": 0.5416268110275269}, "sub-032": {"loss": 1.4489548206329346, "accuracy": 0.5004329085350037}, "sub-062": {"loss": 1.9335840940475464, "accuracy": 0.34751999378204346}, "sub-016": {"loss": 2.2030439376831055, "accuracy": 0.298345148563385}, "sub-012": {"loss": 2.5220417976379395, "accuracy": 0.256501168012619}, "sub-025": {"loss": 1.6775660514831543, "accuracy": 0.4203389883041382}, "sub-064": {"loss": 2.088266611099243, "accuracy": 0.31761103868484497}, "sub-072": {"loss": 0.8880082964897156, "accuracy": 0.6730837821960449}, "sub-024": {"loss": 2.045344829559326, "accuracy": 0.34278959035873413}, "sub-002": {"loss": 1.7683013677597046, "accuracy": 0.40755149722099304}, "sub-065": {"loss": 2.232445001602173, "accuracy": 0.3350689113140106}, "sub-014": {"loss": 1.9449186325073242, "accuracy": 0.3627240061759949}, "sub-021": {"loss": 2.2887027263641357, "accuracy": 0.302747905254364}, "sub-083": {"loss": 1.9363898038864136, "accuracy": 0.3343859612941742}, "sub-015": {"loss": 1.9558568000793457, "accuracy": 0.3959810733795166}, "sub-043": {"loss": 1.3574553728103638, "accuracy": 0.5196363925933838}, "sub-054": {"loss": 2.005115509033203, "accuracy": 0.35264116525650024}, "sub-031": {"loss": 1.11143159866333, "accuracy": 0.6085366010665894}, "sub-040": {"loss": 1.6859071254730225, "accuracy": 0.42296651005744934}, "sub-041": {"loss": 1.7037557363510132, "accuracy": 0.440829336643219}, "sub-073": {"loss": 1.8667641878128052, "accuracy": 0.38859179615974426}, "sub-013": {"loss": 1.5249820947647095, "accuracy": 0.4730496406555176}, "sub-017": {"loss": 2.0719170570373535, "accuracy": 0.37492355704307556}, "sub-020": {"loss": 1.3898460865020752, "accuracy": 0.5405325293540955}, "sub-010": {"loss": 2.014432430267334, "accuracy": 0.3333333432674408}, "sub-035": {"loss": 1.9337677955627441, "accuracy": 0.34430015087127686}, "sub-009": {"loss": 1.4997130632400513, "accuracy": 0.4832151234149933}, "sub-044": {"loss": 0.8446855545043945, "accuracy": 0.701090931892395}, "sub-081": {"loss": 1.9361910820007324, "accuracy": 0.33560606837272644}, "sub-067": {"loss": 1.9353948831558228, "accuracy": 0.3666156232357025}, "sub-039": {"loss": 2.0254392623901367, "accuracy": 0.34385964274406433}, "sub-066": {"loss": 2.0463342666625977, "accuracy": 0.3347626328468323}, "sub-084": {"loss": 1.2402153015136719, "accuracy": 0.574385941028595}, "sub-085": {"loss": 1.0345820188522339, "accuracy": 0.6066666841506958}, "sub-070": {"loss": 1.5379903316497803, "accuracy": 0.4707503914833069}, "sub-018": {"loss": 1.7175922393798828, "accuracy": 0.4347517788410187}, "sub-011": {"loss": 2.4996604919433594, "accuracy": 0.27541372179985046}, "sub-033": {"loss": 1.8499385118484497, "accuracy": 0.3982684016227722}, "sub-063": {"loss": 2.084970235824585, "accuracy": 0.3574272692203522}, "sub-060": {"loss": 2.189380168914795, "accuracy": 0.2966666519641876}, "sub-056": {"loss": 2.176541805267334, "accuracy": 0.3118396997451782}, "sub-055": {"loss": 1.5474272966384888, "accuracy": 0.4586521089076996}, "sub-003": {"loss": 1.8078138828277588, "accuracy": 0.3884160816669464}, "sub-028": {"loss": 1.3776817321777344, "accuracy": 0.5070121884346008}, "sub-077": {"loss": 2.795400619506836, "accuracy": 0.2064724862575531}, "sub-071": {"loss": 2.036308765411377, "accuracy": 0.2869831621646881}, "sub-007": {"loss": 2.0159428119659424, "accuracy": 0.3723404109477997}, "sub-047": {"loss": 1.6370707750320435, "accuracy": 0.42491695284843445}, "sub-001": {"loss": 1.7029348611831665, "accuracy": 0.4439716339111328}, "sub-069": {"loss": 2.051889419555664, "accuracy": 0.3430321514606476}, "sub-061": {"loss": 1.7288247346878052, "accuracy": 0.45344001054763794}, "sub-074": {"loss": 1.6346850395202637, "accuracy": 0.4317290484905243}, "sub-046": {"loss": 1.755812168121338, "accuracy": 0.4076363742351532}, "sub-057": {"loss": 1.6157912015914917, "accuracy": 0.46751999855041504}, "sub-019": {"loss": 1.430638313293457, "accuracy": 0.50141841173172}, "sub-079": {"loss": 1.8186161518096924, "accuracy": 0.3754386007785797}, "sub-006": {"loss": 1.2948209047317505, "accuracy": 0.5387862920761108}, "sub-023": {"loss": 2.410555601119995, "accuracy": 0.27383512258529663}, "sub-030": {"loss": 1.7610442638397217, "accuracy": 0.42621952295303345}, "sub-036": {"loss": 1.4784493446350098, "accuracy": 0.494660884141922}, "sub-045": {"loss": 1.8516085147857666, "accuracy": 0.37490910291671753}, "sub-034": {"loss": 1.9307875633239746, "accuracy": 0.3676767647266388}, "sub-058": {"loss": 1.1812478303909302, "accuracy": 0.5724800229072571}, "sub-037": {"loss": 1.5836652517318726, "accuracy": 0.4526315927505493}, "sub-078": {"loss": 1.42726469039917, "accuracy": 0.5180035829544067}}