{"sub-004": {"loss": 1.7342355251312256, "accuracy": 0.4084821343421936}, "sub-038": {"loss": 1.5085221529006958, "accuracy": 0.479665070772171}, "sub-051": {"loss": 2.1052918434143066, "accuracy": 0.30054643750190735}, "sub-026": {"loss": 1.669329285621643, "accuracy": 0.4414893686771393}, "sub-048": {"loss": 1.396203875541687, "accuracy": 0.4994887411594391}, "sub-080": {"loss": 1.5484552383422852, "accuracy": 0.4973684251308441}, "sub-049": {"loss": 1.66111159324646, "accuracy": 0.4130236804485321}, "sub-076": {"loss": 1.7460215091705322, "accuracy": 0.4318181872367859}, "sub-053": {"loss": 1.6909122467041016, "accuracy": 0.4225865304470062}, "sub-068": {"loss": 1.6912121772766113, "accuracy": 0.4352986216545105}, "sub-082": {"loss": 1.3832969665527344, "accuracy": 0.5092105269432068}, "sub-027": {"loss": 1.031601905822754, "accuracy": 0.6223323345184326}, "sub-052": {"loss": 1.3828258514404297, "accuracy": 0.5095628499984741}, "sub-005": {"loss": 1.6614675521850586, "accuracy": 0.4436114728450775}, "sub-029": {"loss": 1.6178498268127441, "accuracy": 0.42378050088882446}, "sub-050": {"loss": 1.9066004753112793, "accuracy": 0.3611111044883728}, "sub-075": {"loss": 1.5029256343841553, "accuracy": 0.48262032866477966}, "sub-022": {"loss": 1.610931158065796, "accuracy": 0.45370370149612427}, "sub-059": {"loss": 1.1529656648635864, "accuracy": 0.5515999794006348}, "sub-008": {"loss": 1.5502244234085083, "accuracy": 0.4731087386608124}, "sub-042": {"loss": 1.0380785465240479, "accuracy": 0.6068580746650696}, "sub-032": {"loss": 1.1362576484680176, "accuracy": 0.5898268222808838}, "sub-062": {"loss": 1.6214485168457031, "accuracy": 0.4163999855518341}, "sub-016": {"loss": 1.827653169631958, "accuracy": 0.4033688008785248}, "sub-012": {"loss": 2.2512636184692383, "accuracy": 0.28250589966773987}, "sub-025": {"loss": 1.4345089197158813, "accuracy": 0.5006518959999084}, "sub-064": {"loss": 1.8349299430847168, "accuracy": 0.3832312524318695}, "sub-072": {"loss": 0.7898543477058411, "accuracy": 0.6996434926986694}, "sub-024": {"loss": 1.7664707899093628, "accuracy": 0.4054373502731323}, "sub-002": {"loss": 1.5049241781234741, "accuracy": 0.486270010471344}, "sub-065": {"loss": 1.833286166191101, "accuracy": 0.4092649221420288}, "sub-014": {"loss": 1.6528606414794922, "accuracy": 0.4399641454219818}, "sub-021": {"loss": 1.968380331993103, "accuracy": 0.3817204236984253}, "sub-083": {"loss": 1.5983725786209106, "accuracy": 0.4162280559539795}, "sub-015": {"loss": 1.6851229667663574, "accuracy": 0.44680851697921753}, "sub-043": {"loss": 1.1568348407745361, "accuracy": 0.5877272486686707}, "sub-054": {"loss": 1.7359472513198853, "accuracy": 0.4157559275627136}, "sub-031": {"loss": 0.8852921724319458, "accuracy": 0.6699694991111755}, "sub-040": {"loss": 1.440978765487671, "accuracy": 0.49082934856414795}, "sub-041": {"loss": 1.5052978992462158, "accuracy": 0.459728866815567}, "sub-073": {"loss": 1.694490909576416, "accuracy": 0.4015151560306549}, "sub-013": {"loss": 1.3131967782974243, "accuracy": 0.5395981073379517}, "sub-017": {"loss": 1.589792013168335, "accuracy": 0.43119266629219055}, "sub-020": {"loss": 1.2173216342926025, "accuracy": 0.5724852085113525}, "sub-010": {"loss": 1.7604501247406006, "accuracy": 0.40484634041786194}, "sub-035": {"loss": 1.6648136377334595, "accuracy": 0.4054833948612213}, "sub-009": {"loss": 1.2687289714813232, "accuracy": 0.535756528377533}, "sub-044": {"loss": 0.6848706007003784, "accuracy": 0.7400000095367432}, "sub-081": {"loss": 1.7575970888137817, "accuracy": 0.3787878751754761}, "sub-067": {"loss": 1.6429353952407837, "accuracy": 0.40390506386756897}, "sub-039": {"loss": 1.6718125343322754, "accuracy": 0.4070972800254822}, "sub-066": {"loss": 1.7143669128417969, "accuracy": 0.41998469829559326}, "sub-084": {"loss": 1.096823811531067, "accuracy": 0.5820175409317017}, "sub-085": {"loss": 0.8765508532524109, "accuracy": 0.6688596606254578}, "sub-070": {"loss": 1.3514912128448486, "accuracy": 0.5390505194664001}, "sub-018": {"loss": 1.4554100036621094, "accuracy": 0.4796099364757538}, "sub-011": {"loss": 2.1302478313446045, "accuracy": 0.3569740056991577}, "sub-033": {"loss": 1.6115525960922241, "accuracy": 0.4538239538669586}, "sub-063": {"loss": 1.739052414894104, "accuracy": 0.4176875948905945}, "sub-060": {"loss": 1.9015964269638062, "accuracy": 0.34861111640930176}, "sub-056": {"loss": 1.7908499240875244, "accuracy": 0.3993624746799469}, "sub-055": {"loss": 1.4138048887252808, "accuracy": 0.49499088525772095}, "sub-003": {"loss": 1.6142328977584839, "accuracy": 0.4524231553077698}, "sub-028": {"loss": 1.1829640865325928, "accuracy": 0.5625}, "sub-077": {"loss": 2.421071767807007, "accuracy": 0.27508091926574707}, "sub-071": {"loss": 1.8039370775222778, "accuracy": 0.3208269476890564}, "sub-007": {"loss": 1.7317970991134644, "accuracy": 0.43173760175704956}, "sub-047": {"loss": 1.4110326766967773, "accuracy": 0.505398690700531}, "sub-001": {"loss": 1.507474422454834, "accuracy": 0.4970449209213257}, "sub-069": {"loss": 1.7624530792236328, "accuracy": 0.37021440267562866}, "sub-061": {"loss": 1.510115385055542, "accuracy": 0.4848000109195709}, "sub-074": {"loss": 1.4033212661743164, "accuracy": 0.5075757503509521}, "sub-046": {"loss": 1.4421007633209229, "accuracy": 0.4622727334499359}, "sub-057": {"loss": 1.4388848543167114, "accuracy": 0.48399999737739563}, "sub-019": {"loss": 1.2191966772079468, "accuracy": 0.5555555820465088}, "sub-079": {"loss": 1.5507131814956665, "accuracy": 0.46929824352264404}, "sub-006": {"loss": 1.1808733940124512, "accuracy": 0.5527704358100891}, "sub-023": {"loss": 2.087883234024048, "accuracy": 0.33870968222618103}, "sub-030": {"loss": 1.4743664264678955, "accuracy": 0.47141769528388977}, "sub-036": {"loss": 1.2783762216567993, "accuracy": 0.5537518262863159}, "sub-045": {"loss": 1.6360410451889038, "accuracy": 0.45318183302879333}, "sub-034": {"loss": 1.6642106771469116, "accuracy": 0.420634925365448}, "sub-058": {"loss": 0.9735820293426514, "accuracy": 0.6323999762535095}, "sub-037": {"loss": 1.3820246458053589, "accuracy": 0.519138753414154}, "sub-078": {"loss": 1.1283011436462402, "accuracy": 0.5913547277450562}}