{"sub-004": {"loss": 2.2185006141662598, "accuracy": 0.28489160537719727}, "sub-038": {"loss": 1.892514944076538, "accuracy": 0.34185245633125305}, "sub-051": {"loss": 2.6697635650634766, "accuracy": 0.16677050292491913}, "sub-026": {"loss": 2.0871970653533936, "accuracy": 0.31181061267852783}, "sub-048": {"loss": 1.7039155960083008, "accuracy": 0.4400186240673065}, "sub-080": {"loss": 1.8216478824615479, "accuracy": 0.38649940490722656}, "sub-049": {"loss": 2.180652141571045, "accuracy": 0.2585669755935669}, "sub-076": {"loss": 2.119828462600708, "accuracy": 0.30520138144493103}, "sub-053": {"loss": 2.2183361053466797, "accuracy": 0.29325026273727417}, "sub-068": {"loss": 2.1013150215148926, "accuracy": 0.31855329871177673}, "sub-082": {"loss": 1.7807204723358154, "accuracy": 0.36340102553367615}, "sub-027": {"loss": 1.2398204803466797, "accuracy": 0.5631153583526611}, "sub-052": {"loss": 1.6577062606811523, "accuracy": 0.3840083181858063}, "sub-005": {"loss": 1.9904865026474, "accuracy": 0.3360035717487335}, "sub-029": {"loss": 1.9038456678390503, "accuracy": 0.34089311957359314}, "sub-050": {"loss": 2.5311801433563232, "accuracy": 0.1726323664188385}, "sub-075": {"loss": 1.8377777338027954, "accuracy": 0.3778587281703949}, "sub-022": {"loss": 2.045912504196167, "accuracy": 0.3236537277698517}, "sub-059": {"loss": 1.4607514142990112, "accuracy": 0.44899073243141174}, "sub-008": {"loss": 1.9081777334213257, "accuracy": 0.3333333432674408}, "sub-042": {"loss": 1.2089142799377441, "accuracy": 0.5468551516532898}, "sub-032": {"loss": 1.4363796710968018, "accuracy": 0.5299524068832397}, "sub-062": {"loss": 2.138418197631836, "accuracy": 0.2516821324825287}, "sub-016": {"loss": 2.3373165130615234, "accuracy": 0.24804949760437012}, "sub-012": {"loss": 2.8018407821655273, "accuracy": 0.16370728611946106}, "sub-025": {"loss": 1.8053652048110962, "accuracy": 0.3994956314563751}, "sub-064": {"loss": 2.248610019683838, "accuracy": 0.26986610889434814}, "sub-072": {"loss": 0.9006180167198181, "accuracy": 0.6755717396736145}, "sub-024": {"loss": 2.2068848609924316, "accuracy": 0.2894807755947113}, "sub-002": {"loss": 1.901822566986084, "accuracy": 0.3463745415210724}, "sub-065": {"loss": 2.3901710510253906, "accuracy": 0.25265172123908997}, "sub-014": {"loss": 2.0437309741973877, "accuracy": 0.2987048327922821}, "sub-021": {"loss": 2.534125566482544, "accuracy": 0.20695295929908752}, "sub-083": {"loss": 2.001070737838745, "accuracy": 0.30645161867141724}, "sub-015": {"loss": 2.1352407932281494, "accuracy": 0.3165186941623688}, "sub-043": {"loss": 1.4018216133117676, "accuracy": 0.5238391160964966}, "sub-054": {"loss": 2.178995370864868, "accuracy": 0.28390446305274963}, "sub-031": {"loss": 1.0931527614593506, "accuracy": 0.6140998601913452}, "sub-040": {"loss": 1.778482437133789, "accuracy": 0.39206090569496155}, "sub-041": {"loss": 1.9502358436584473, "accuracy": 0.3746601343154907}, "sub-073": {"loss": 2.033501148223877, "accuracy": 0.32038047909736633}, "sub-013": {"loss": 1.5753958225250244, "accuracy": 0.45843422412872314}, "sub-017": {"loss": 2.075254201889038, "accuracy": 0.30477187037467957}, "sub-020": {"loss": 1.4905171394348145, "accuracy": 0.5111111402511597}, "sub-010": {"loss": 2.0579869747161865, "accuracy": 0.3239171504974365}, "sub-035": {"loss": 2.1036288738250732, "accuracy": 0.28934842348098755}, "sub-009": {"loss": 1.5632156133651733, "accuracy": 0.46085551381111145}, "sub-044": {"loss": 0.78578120470047, "accuracy": 0.7232587337493896}, "sub-081": {"loss": 2.119480848312378, "accuracy": 0.2812230885028839}, "sub-067": {"loss": 2.095552921295166, "accuracy": 0.2802990674972534}, "sub-039": {"loss": 2.18217134475708, "accuracy": 0.2987130582332611}, "sub-066": {"loss": 2.1119120121002197, "accuracy": 0.3004694879055023}, "sub-084": {"loss": 1.3164712190628052, "accuracy": 0.5426124930381775}, "sub-085": {"loss": 1.013298749923706, "accuracy": 0.6393867135047913}, "sub-070": {"loss": 1.7063727378845215, "accuracy": 0.4131455421447754}, "sub-018": {"loss": 1.8819260597229004, "accuracy": 0.3623890280723572}, "sub-011": {"loss": 2.7048933506011963, "accuracy": 0.21334409713745117}, "sub-033": {"loss": 2.085193395614624, "accuracy": 0.30986377596855164}, "sub-063": {"loss": 2.1410629749298096, "accuracy": 0.3218570649623871}, "sub-060": {"loss": 2.458608388900757, "accuracy": 0.1887626200914383}, "sub-056": {"loss": 2.3523824214935303, "accuracy": 0.24485981464385986}, "sub-055": {"loss": 1.7202675342559814, "accuracy": 0.4159916937351227}, "sub-003": {"loss": 2.028287410736084, "accuracy": 0.3213613033294678}, "sub-028": {"loss": 1.4035323858261108, "accuracy": 0.4864627420902252}, "sub-077": {"loss": 2.9337868690490723, "accuracy": 0.12431243062019348}, "sub-071": {"loss": 2.348640203475952, "accuracy": 0.18796731531620026}, "sub-007": {"loss": 2.121532440185547, "accuracy": 0.3167877197265625}, "sub-047": {"loss": 1.7634133100509644, "accuracy": 0.3643234968185425}, "sub-001": {"loss": 1.8799469470977783, "accuracy": 0.38633307814598083}, "sub-069": {"loss": 2.2741446495056152, "accuracy": 0.24047991633415222}, "sub-061": {"loss": 1.8498320579528809, "accuracy": 0.3933442533016205}, "sub-074": {"loss": 1.7421997785568237, "accuracy": 0.4088241159915924}, "sub-046": {"loss": 1.790536642074585, "accuracy": 0.34846600890159607}, "sub-057": {"loss": 1.7387241125106812, "accuracy": 0.4209856390953064}, "sub-019": {"loss": 1.5721782445907593, "accuracy": 0.4548022747039795}, "sub-079": {"loss": 2.030226230621338, "accuracy": 0.31800079345703125}, "sub-006": {"loss": 1.3335689306259155, "accuracy": 0.5159159302711487}, "sub-023": {"loss": 2.5728909969329834, "accuracy": 0.20627130568027496}, "sub-030": {"loss": 1.8648104667663574, "accuracy": 0.33983826637268066}, "sub-036": {"loss": 1.4619274139404297, "accuracy": 0.5064828395843506}, "sub-045": {"loss": 1.992666482925415, "accuracy": 0.3208955228328705}, "sub-034": {"loss": 2.0855441093444824, "accuracy": 0.29410800337791443}, "sub-058": {"loss": 1.2577117681503296, "accuracy": 0.5735588073730469}, "sub-037": {"loss": 1.7025063037872314, "accuracy": 0.4040239155292511}, "sub-078": {"loss": 1.331752896308899, "accuracy": 0.559805691242218}}