{"sub-004": {"loss": 1.351319432258606, "accuracy": 0.44283536076545715}, "sub-038": {"loss": 1.098751187324524, "accuracy": 0.5664763450622559}, "sub-051": {"loss": 1.7154676914215088, "accuracy": 0.35514017939567566}, "sub-026": {"loss": 1.268227219581604, "accuracy": 0.5066586136817932}, "sub-048": {"loss": 1.0625684261322021, "accuracy": 0.5801886916160583}, "sub-080": {"loss": 1.0352863073349, "accuracy": 0.5681003332138062}, "sub-049": {"loss": 1.3167049884796143, "accuracy": 0.44953271746635437}, "sub-076": {"loss": 1.3059827089309692, "accuracy": 0.4831511974334717}, "sub-053": {"loss": 1.3648334741592407, "accuracy": 0.44439253211021423}, "sub-068": {"loss": 1.2956435680389404, "accuracy": 0.49295774102211}, "sub-082": {"loss": 1.0551459789276123, "accuracy": 0.5909498333930969}, "sub-027": {"loss": 0.6826856732368469, "accuracy": 0.7234968543052673}, "sub-052": {"loss": 0.9020989537239075, "accuracy": 0.6289719343185425}, "sub-005": {"loss": 1.2141072750091553, "accuracy": 0.5383844971656799}, "sub-029": {"loss": 1.1205552816390991, "accuracy": 0.5284810066223145}, "sub-050": {"loss": 1.611590027809143, "accuracy": 0.3691275119781494}, "sub-075": {"loss": 1.1224812269210815, "accuracy": 0.5728597640991211}, "sub-022": {"loss": 1.2206865549087524, "accuracy": 0.5242331027984619}, "sub-059": {"loss": 0.8181307911872864, "accuracy": 0.6693944334983826}, "sub-008": {"loss": 1.1555719375610352, "accuracy": 0.5357142686843872}, "sub-042": {"loss": 0.6238263845443726, "accuracy": 0.734910249710083}, "sub-032": {"loss": 0.7946432828903198, "accuracy": 0.6809453368186951}, "sub-062": {"loss": 1.3013219833374023, "accuracy": 0.4365793764591217}, "sub-016": {"loss": 1.501360535621643, "accuracy": 0.4325060546398163}, "sub-012": {"loss": 1.8284565210342407, "accuracy": 0.3407990336418152}, "sub-025": {"loss": 1.052943229675293, "accuracy": 0.571094810962677}, "sub-064": {"loss": 1.410312533378601, "accuracy": 0.45226916670799255}, "sub-072": {"loss": 0.4942566454410553, "accuracy": 0.8000910878181458}, "sub-024": {"loss": 1.3513823747634888, "accuracy": 0.47699758410453796}, "sub-002": {"loss": 1.1363743543624878, "accuracy": 0.5519366264343262}, "sub-065": {"loss": 1.4800907373428345, "accuracy": 0.43270736932754517}, "sub-014": {"loss": 1.259716510772705, "accuracy": 0.4969325065612793}, "sub-021": {"loss": 1.5709244012832642, "accuracy": 0.38711655139923096}, "sub-083": {"loss": 1.2146662473678589, "accuracy": 0.5}, "sub-015": {"loss": 1.3502812385559082, "accuracy": 0.4742736220359802}, "sub-043": {"loss": 0.8013913035392761, "accuracy": 0.6949626803398132}, "sub-054": {"loss": 1.3577951192855835, "accuracy": 0.45700934529304504}, "sub-031": {"loss": 0.5807800889015198, "accuracy": 0.7622626423835754}, "sub-040": {"loss": 1.0664761066436768, "accuracy": 0.564437210559845}, "sub-041": {"loss": 1.1467686891555786, "accuracy": 0.5334420800209045}, "sub-073": {"loss": 1.303598403930664, "accuracy": 0.4471766948699951}, "sub-013": {"loss": 0.9074214696884155, "accuracy": 0.620460033416748}, "sub-017": {"loss": 1.3146566152572632, "accuracy": 0.4811912178993225}, "sub-020": {"loss": 0.8017758727073669, "accuracy": 0.6803030371665955}, "sub-010": {"loss": 1.2460668087005615, "accuracy": 0.51422518491745}, "sub-035": {"loss": 1.2690014839172363, "accuracy": 0.488552451133728}, "sub-009": {"loss": 0.9080063700675964, "accuracy": 0.6419491767883301}, "sub-044": {"loss": 0.47056880593299866, "accuracy": 0.799440324306488}, "sub-081": {"loss": 1.289249062538147, "accuracy": 0.49031007289886475}, "sub-067": {"loss": 1.2816987037658691, "accuracy": 0.5117371082305908}, "sub-039": {"loss": 1.371085286140442, "accuracy": 0.47430670261383057}, "sub-066": {"loss": 1.3209129571914673, "accuracy": 0.44757434725761414}, "sub-084": {"loss": 0.7191924452781677, "accuracy": 0.7190860509872437}, "sub-085": {"loss": 0.5318840742111206, "accuracy": 0.7930107712745667}, "sub-070": {"loss": 0.9452067613601685, "accuracy": 0.6373239159584045}, "sub-018": {"loss": 1.0649058818817139, "accuracy": 0.5796005129814148}, "sub-011": {"loss": 1.7134060859680176, "accuracy": 0.37378934025764465}, "sub-033": {"loss": 1.2122843265533447, "accuracy": 0.5203101634979248}, "sub-063": {"loss": 1.3097171783447266, "accuracy": 0.5156494379043579}, "sub-060": {"loss": 1.55028235912323, "accuracy": 0.36600378155708313}, "sub-056": {"loss": 1.476877212524414, "accuracy": 0.4289719760417938}, "sub-055": {"loss": 0.9992746710777283, "accuracy": 0.6163551211357117}, "sub-003": {"loss": 1.2017523050308228, "accuracy": 0.5257263779640198}, "sub-028": {"loss": 0.7711220979690552, "accuracy": 0.6780063509941101}, "sub-077": {"loss": 1.9025075435638428, "accuracy": 0.2929042875766754}, "sub-071": {"loss": 1.444225549697876, "accuracy": 0.38223788142204285}, "sub-007": {"loss": 1.2967318296432495, "accuracy": 0.49394673109054565}, "sub-047": {"loss": 1.0497673749923706, "accuracy": 0.5824829936027527}, "sub-001": {"loss": 1.1225252151489258, "accuracy": 0.5868644118309021}, "sub-069": {"loss": 1.4169434309005737, "accuracy": 0.43896713852882385}, "sub-061": {"loss": 1.1199959516525269, "accuracy": 0.5728314518928528}, "sub-074": {"loss": 1.0416760444641113, "accuracy": 0.5851548314094543}, "sub-046": {"loss": 0.9780114889144897, "accuracy": 0.5783582329750061}, "sub-057": {"loss": 1.0429021120071411, "accuracy": 0.5887888669967651}, "sub-019": {"loss": 0.8514058589935303, "accuracy": 0.6510290503501892}, "sub-079": {"loss": 1.239973545074463, "accuracy": 0.5026881694793701}, "sub-006": {"loss": 0.7751268744468689, "accuracy": 0.6969594359397888}, "sub-023": {"loss": 1.611872911453247, "accuracy": 0.36656442284584045}, "sub-030": {"loss": 1.1304010152816772, "accuracy": 0.5478639006614685}, "sub-036": {"loss": 0.8533214330673218, "accuracy": 0.6550959944725037}, "sub-045": {"loss": 1.19168221950531, "accuracy": 0.5265858173370361}, "sub-034": {"loss": 1.2931928634643555, "accuracy": 0.47821271419525146}, "sub-058": {"loss": 0.6562821269035339, "accuracy": 0.7242226004600525}, "sub-037": {"loss": 0.9928722381591797, "accuracy": 0.6227569580078125}, "sub-078": {"loss": 0.7869448065757751, "accuracy": 0.6967213153839111}}