{"sub-004": {"loss": 1.0490025281906128, "accuracy": 0.5680894255638123}, "sub-038": {"loss": 0.8849883675575256, "accuracy": 0.6302338242530823}, "sub-051": {"loss": 1.3881609439849854, "accuracy": 0.39750778675079346}, "sub-026": {"loss": 1.0367083549499512, "accuracy": 0.56255042552948}, "sub-048": {"loss": 0.7923692464828491, "accuracy": 0.668064296245575}, "sub-080": {"loss": 0.806238055229187, "accuracy": 0.6594982147216797}, "sub-049": {"loss": 1.0100164413452148, "accuracy": 0.5507788062095642}, "sub-076": {"loss": 1.007059097290039, "accuracy": 0.5519125461578369}, "sub-053": {"loss": 1.0779788494110107, "accuracy": 0.5433021783828735}, "sub-068": {"loss": 1.0363050699234009, "accuracy": 0.569640040397644}, "sub-082": {"loss": 0.8182035684585571, "accuracy": 0.6290322542190552}, "sub-027": {"loss": 0.4951697885990143, "accuracy": 0.7879746556282043}, "sub-052": {"loss": 0.6666220426559448, "accuracy": 0.7146417498588562}, "sub-005": {"loss": 0.97103351354599, "accuracy": 0.6168224215507507}, "sub-029": {"loss": 0.8760937452316284, "accuracy": 0.6213080286979675}, "sub-050": {"loss": 1.2853373289108276, "accuracy": 0.45190155506134033}, "sub-075": {"loss": 0.8437427878379822, "accuracy": 0.621736466884613}, "sub-022": {"loss": 0.9097459316253662, "accuracy": 0.5950919985771179}, "sub-059": {"loss": 0.6019702553749084, "accuracy": 0.73758864402771}, "sub-008": {"loss": 0.9344983100891113, "accuracy": 0.598870038986206}, "sub-042": {"loss": 0.4959678053855896, "accuracy": 0.7830342650413513}, "sub-032": {"loss": 0.5975399613380432, "accuracy": 0.7572624087333679}, "sub-062": {"loss": 1.0069060325622559, "accuracy": 0.5570103526115417}, "sub-016": {"loss": 1.1901410818099976, "accuracy": 0.518159806728363}, "sub-012": {"loss": 1.4785332679748535, "accuracy": 0.40839385986328125}, "sub-025": {"loss": 0.7707772850990295, "accuracy": 0.6564307808876038}, "sub-064": {"loss": 1.0854443311691284, "accuracy": 0.5560771822929382}, "sub-072": {"loss": 0.35783571004867554, "accuracy": 0.8433515429496765}, "sub-024": {"loss": 1.0887181758880615, "accuracy": 0.5544794201850891}, "sub-002": {"loss": 0.8621217608451843, "accuracy": 0.626369297504425}, "sub-065": {"loss": 1.2026678323745728, "accuracy": 0.5075638890266418}, "sub-014": {"loss": 1.0284392833709717, "accuracy": 0.5770961046218872}, "sub-021": {"loss": 1.2395014762878418, "accuracy": 0.4817996025085449}, "sub-083": {"loss": 0.9588326811790466, "accuracy": 0.5710872411727905}, "sub-015": {"loss": 1.068778157234192, "accuracy": 0.5799031257629395}, "sub-043": {"loss": 0.5928744077682495, "accuracy": 0.753731369972229}, "sub-054": {"loss": 1.0461174249649048, "accuracy": 0.585669755935669}, "sub-031": {"loss": 0.4593054950237274, "accuracy": 0.8106539845466614}, "sub-040": {"loss": 0.8017552495002747, "accuracy": 0.6514409780502319}, "sub-041": {"loss": 0.8616587519645691, "accuracy": 0.617183268070221}, "sub-073": {"loss": 0.9513401985168457, "accuracy": 0.5689131617546082}, "sub-013": {"loss": 0.7091135382652283, "accuracy": 0.6888619661331177}, "sub-017": {"loss": 0.975766122341156, "accuracy": 0.5966562032699585}, "sub-020": {"loss": 0.5856379866600037, "accuracy": 0.7792929410934448}, "sub-010": {"loss": 0.9406466484069824, "accuracy": 0.6008878350257874}, "sub-035": {"loss": 1.0181971788406372, "accuracy": 0.5563761591911316}, "sub-009": {"loss": 0.6613162159919739, "accuracy": 0.7191283106803894}, "sub-044": {"loss": 0.3267519772052765, "accuracy": 0.8718905448913574}, "sub-081": {"loss": 0.995246171951294, "accuracy": 0.5594315528869629}, "sub-067": {"loss": 0.9994166493415833, "accuracy": 0.5675534605979919}, "sub-039": {"loss": 1.0704147815704346, "accuracy": 0.536160945892334}, "sub-066": {"loss": 1.0284868478775024, "accuracy": 0.5513823628425598}, "sub-084": {"loss": 0.5878822207450867, "accuracy": 0.7431302070617676}, "sub-085": {"loss": 0.37911656498908997, "accuracy": 0.8327359557151794}, "sub-070": {"loss": 0.729343056678772, "accuracy": 0.6833594441413879}, "sub-018": {"loss": 0.8778486251831055, "accuracy": 0.6412429213523865}, "sub-011": {"loss": 1.3964917659759521, "accuracy": 0.44673123955726624}, "sub-033": {"loss": 0.9395679235458374, "accuracy": 0.5622845888137817}, "sub-063": {"loss": 1.065490484237671, "accuracy": 0.5805946588516235}, "sub-060": {"loss": 1.175574779510498, "accuracy": 0.5101010203361511}, "sub-056": {"loss": 1.142938256263733, "accuracy": 0.5202492475509644}, "sub-055": {"loss": 0.81558758020401, "accuracy": 0.6685358285903931}, "sub-003": {"loss": 0.960199773311615, "accuracy": 0.5786924958229065}, "sub-028": {"loss": 0.6275102496147156, "accuracy": 0.7436708807945251}, "sub-077": {"loss": 1.5316975116729736, "accuracy": 0.3663366436958313}, "sub-071": {"loss": 1.2082655429840088, "accuracy": 0.4241001605987549}, "sub-007": {"loss": 1.0122084617614746, "accuracy": 0.5972558259963989}, "sub-047": {"loss": 0.7743971347808838, "accuracy": 0.6791383028030396}, "sub-001": {"loss": 0.8710755109786987, "accuracy": 0.6481032967567444}, "sub-069": {"loss": 1.14243483543396, "accuracy": 0.5148670077323914}, "sub-061": {"loss": 0.8181005716323853, "accuracy": 0.6535733938217163}, "sub-074": {"loss": 0.7899206280708313, "accuracy": 0.6745598316192627}, "sub-046": {"loss": 0.7715706825256348, "accuracy": 0.6442785859107971}, "sub-057": {"loss": 0.813506007194519, "accuracy": 0.6573922634124756}, "sub-019": {"loss": 0.6626714468002319, "accuracy": 0.7146892547607422}, "sub-079": {"loss": 0.9328701496124268, "accuracy": 0.5872162580490112}, "sub-006": {"loss": 0.6048297882080078, "accuracy": 0.7477477192878723}, "sub-023": {"loss": 1.3629519939422607, "accuracy": 0.4470347762107849}, "sub-030": {"loss": 0.8427645564079285, "accuracy": 0.6133966445922852}, "sub-036": {"loss": 0.6160420179367065, "accuracy": 0.7223042845726013}, "sub-045": {"loss": 0.880303680896759, "accuracy": 0.6262437701225281}, "sub-034": {"loss": 1.005551815032959, "accuracy": 0.5529295802116394}, "sub-058": {"loss": 0.5414265394210815, "accuracy": 0.7834151387214661}, "sub-037": {"loss": 0.7586932182312012, "accuracy": 0.6824361085891724}, "sub-078": {"loss": 0.5832312107086182, "accuracy": 0.7692774534225464}}