{"sub-004": {"loss": 1.4047832489013672, "accuracy": 0.4751984179019928}, "sub-038": {"loss": 1.2549408674240112, "accuracy": 0.531632125377655}, "sub-051": {"loss": 1.7055249214172363, "accuracy": 0.4140862226486206}, "sub-026": {"loss": 1.32366144657135, "accuracy": 0.513002336025238}, "sub-048": {"loss": 1.0573742389678955, "accuracy": 0.6148602366447449}, "sub-080": {"loss": 1.1123102903366089, "accuracy": 0.5888888835906982}, "sub-049": {"loss": 1.3261674642562866, "accuracy": 0.5361263155937195}, "sub-076": {"loss": 1.4107643365859985, "accuracy": 0.5092097520828247}, "sub-053": {"loss": 1.4101148843765259, "accuracy": 0.5142683386802673}, "sub-068": {"loss": 1.3368726968765259, "accuracy": 0.5114854574203491}, "sub-082": {"loss": 1.1032185554504395, "accuracy": 0.5894736647605896}, "sub-027": {"loss": 0.7951837182044983, "accuracy": 0.6869918704032898}, "sub-052": {"loss": 0.9897746443748474, "accuracy": 0.6162720322608948}, "sub-005": {"loss": 1.2402427196502686, "accuracy": 0.5428074598312378}, "sub-029": {"loss": 1.1291191577911377, "accuracy": 0.5462398529052734}, "sub-050": {"loss": 1.5161786079406738, "accuracy": 0.4237472712993622}, "sub-075": {"loss": 1.1785725355148315, "accuracy": 0.566250741481781}, "sub-022": {"loss": 1.3070093393325806, "accuracy": 0.5408204197883606}, "sub-059": {"loss": 0.8839726448059082, "accuracy": 0.6480000019073486}, "sub-008": {"loss": 1.220393419265747, "accuracy": 0.5315209031105042}, "sub-042": {"loss": 0.8123924136161804, "accuracy": 0.6932482719421387}, "sub-032": {"loss": 0.9059674143791199, "accuracy": 0.6512746214866638}, "sub-062": {"loss": 1.2341011762619019, "accuracy": 0.4975999891757965}, "sub-016": {"loss": 1.5473980903625488, "accuracy": 0.4637509882450104}, "sub-012": {"loss": 1.7771327495574951, "accuracy": 0.38652482628822327}, "sub-025": {"loss": 1.1703171730041504, "accuracy": 0.5545415282249451}, "sub-064": {"loss": 1.4137612581253052, "accuracy": 0.5002552270889282}, "sub-072": {"loss": 0.5864278674125671, "accuracy": 0.7664884328842163}, "sub-024": {"loss": 1.3968229293823242, "accuracy": 0.5055161714553833}, "sub-002": {"loss": 1.1933237314224243, "accuracy": 0.5522502064704895}, "sub-065": {"loss": 1.4975731372833252, "accuracy": 0.47728434205055237}, "sub-014": {"loss": 1.2645174264907837, "accuracy": 0.5368379354476929}, "sub-021": {"loss": 1.5762513875961304, "accuracy": 0.45081642270088196}, "sub-083": {"loss": 1.241681456565857, "accuracy": 0.526900589466095}, "sub-015": {"loss": 1.3884638547897339, "accuracy": 0.5267927646636963}, "sub-043": {"loss": 0.8512316346168518, "accuracy": 0.6860606074333191}, "sub-054": {"loss": 1.3725658655166626, "accuracy": 0.4984820783138275}, "sub-031": {"loss": 0.7245688438415527, "accuracy": 0.7093495726585388}, "sub-040": {"loss": 1.12666916847229, "accuracy": 0.5917065143585205}, "sub-041": {"loss": 1.1837856769561768, "accuracy": 0.5752259492874146}, "sub-073": {"loss": 1.2639374732971191, "accuracy": 0.5199049115180969}, "sub-013": {"loss": 0.9661354422569275, "accuracy": 0.6386919021606445}, "sub-017": {"loss": 1.334823489189148, "accuracy": 0.5137614607810974}, "sub-020": {"loss": 0.9336860775947571, "accuracy": 0.6494082808494568}, "sub-010": {"loss": 1.3824656009674072, "accuracy": 0.5133963823318481}, "sub-035": {"loss": 1.254510760307312, "accuracy": 0.5122655034065247}, "sub-009": {"loss": 0.9945493340492249, "accuracy": 0.6237194538116455}, "sub-044": {"loss": 0.4846506118774414, "accuracy": 0.7987878918647766}, "sub-081": {"loss": 1.388446569442749, "accuracy": 0.46212121844291687}, "sub-067": {"loss": 1.313737154006958, "accuracy": 0.5283308029174805}, "sub-039": {"loss": 1.374821662902832, "accuracy": 0.4843168556690216}, "sub-066": {"loss": 1.3523683547973633, "accuracy": 0.4951505959033966}, "sub-084": {"loss": 0.8181878328323364, "accuracy": 0.6888889074325562}, "sub-085": {"loss": 0.6014502644538879, "accuracy": 0.7514619827270508}, "sub-070": {"loss": 1.0466712713241577, "accuracy": 0.6156201958656311}, "sub-018": {"loss": 1.1902281045913696, "accuracy": 0.5728920698165894}, "sub-011": {"loss": 1.734184741973877, "accuracy": 0.42750197649002075}, "sub-033": {"loss": 1.2580552101135254, "accuracy": 0.5310245156288147}, "sub-063": {"loss": 1.3182365894317627, "accuracy": 0.5232261419296265}, "sub-060": {"loss": 1.4220712184906006, "accuracy": 0.4753086566925049}, "sub-056": {"loss": 1.5472614765167236, "accuracy": 0.48148149251937866}, "sub-055": {"loss": 1.1031677722930908, "accuracy": 0.5865209698677063}, "sub-003": {"loss": 1.2072486877441406, "accuracy": 0.5315209031105042}, "sub-028": {"loss": 0.8868749737739563, "accuracy": 0.6631097793579102}, "sub-077": {"loss": 1.8851468563079834, "accuracy": 0.35059329867362976}, "sub-071": {"loss": 1.4470080137252808, "accuracy": 0.4088820815086365}, "sub-007": {"loss": 1.3694217205047607, "accuracy": 0.5397951006889343}, "sub-047": {"loss": 1.1295769214630127, "accuracy": 0.5669988989830017}, "sub-001": {"loss": 1.1068406105041504, "accuracy": 0.5945626497268677}, "sub-069": {"loss": 1.346413493156433, "accuracy": 0.4946401119232178}, "sub-061": {"loss": 1.1399693489074707, "accuracy": 0.5856000185012817}, "sub-074": {"loss": 1.1309953927993774, "accuracy": 0.567439079284668}, "sub-046": {"loss": 1.0761666297912598, "accuracy": 0.5721212029457092}, "sub-057": {"loss": 1.1151890754699707, "accuracy": 0.5658666491508484}, "sub-019": {"loss": 0.996221125125885, "accuracy": 0.655634343624115}, "sub-079": {"loss": 1.2034633159637451, "accuracy": 0.5321637392044067}, "sub-006": {"loss": 0.8911746740341187, "accuracy": 0.6587510704994202}, "sub-023": {"loss": 1.661469578742981, "accuracy": 0.42054957151412964}, "sub-030": {"loss": 1.213224172592163, "accuracy": 0.5360772609710693}, "sub-036": {"loss": 0.9808052778244019, "accuracy": 0.6166425943374634}, "sub-045": {"loss": 1.2851697206497192, "accuracy": 0.5412121415138245}, "sub-034": {"loss": 1.3357652425765991, "accuracy": 0.5353535413742065}, "sub-058": {"loss": 0.751400887966156, "accuracy": 0.6938666701316833}, "sub-037": {"loss": 1.0649900436401367, "accuracy": 0.5959596037864685}, "sub-078": {"loss": 0.8867416977882385, "accuracy": 0.6833036541938782}}