{"sub-004": {"loss": 1.5749043226242065, "accuracy": 0.4347561001777649}, "sub-038": {"loss": 1.325354814529419, "accuracy": 0.46753671765327454}, "sub-051": {"loss": 2.001723051071167, "accuracy": 0.3065420687198639}, "sub-026": {"loss": 1.5240644216537476, "accuracy": 0.43050846457481384}, "sub-048": {"loss": 1.2758476734161377, "accuracy": 0.5123689770698547}, "sub-080": {"loss": 1.2750577926635742, "accuracy": 0.5204300880432129}, "sub-049": {"loss": 1.6450512409210205, "accuracy": 0.3884112238883972}, "sub-076": {"loss": 1.5956908464431763, "accuracy": 0.41457194089889526}, "sub-053": {"loss": 1.6060528755187988, "accuracy": 0.40672898292541504}, "sub-068": {"loss": 1.5042104721069336, "accuracy": 0.446635365486145}, "sub-082": {"loss": 1.2354011535644531, "accuracy": 0.5057347416877747}, "sub-027": {"loss": 0.8031063079833984, "accuracy": 0.6939873695373535}, "sub-052": {"loss": 1.1480238437652588, "accuracy": 0.5375701189041138}, "sub-005": {"loss": 1.4465510845184326, "accuracy": 0.4881174862384796}, "sub-029": {"loss": 1.3320881128311157, "accuracy": 0.4712025225162506}, "sub-050": {"loss": 1.8748712539672852, "accuracy": 0.3241610825061798}, "sub-075": {"loss": 1.3017059564590454, "accuracy": 0.4794171154499054}, "sub-022": {"loss": 1.4256459474563599, "accuracy": 0.4493251442909241}, "sub-059": {"loss": 0.9990093111991882, "accuracy": 0.6202945709228516}, "sub-008": {"loss": 1.3759050369262695, "accuracy": 0.47457626461982727}, "sub-042": {"loss": 0.823451578617096, "accuracy": 0.6750407814979553}, "sub-032": {"loss": 0.9947746396064758, "accuracy": 0.6449040174484253}, "sub-062": {"loss": 1.5197803974151611, "accuracy": 0.3882160484790802}, "sub-016": {"loss": 1.755218267440796, "accuracy": 0.3823244571685791}, "sub-012": {"loss": 2.0806050300598145, "accuracy": 0.26416465640068054}, "sub-025": {"loss": 1.253214955329895, "accuracy": 0.5126835703849792}, "sub-064": {"loss": 1.6609947681427002, "accuracy": 0.389045387506485}, "sub-072": {"loss": 0.6281999945640564, "accuracy": 0.7635701298713684}, "sub-024": {"loss": 1.6164652109146118, "accuracy": 0.4048426151275635}, "sub-002": {"loss": 1.340672254562378, "accuracy": 0.47417840361595154}, "sub-065": {"loss": 1.7682290077209473, "accuracy": 0.37026605010032654}, "sub-014": {"loss": 1.4639232158660889, "accuracy": 0.4363190233707428}, "sub-021": {"loss": 1.8917312622070312, "accuracy": 0.3126380443572998}, "sub-083": {"loss": 1.4715995788574219, "accuracy": 0.407168447971344}, "sub-015": {"loss": 1.506532907485962, "accuracy": 0.45423728227615356}, "sub-043": {"loss": 0.9190830588340759, "accuracy": 0.658208966255188}, "sub-054": {"loss": 1.5470644235610962, "accuracy": 0.43551403284072876}, "sub-031": {"loss": 0.7093164324760437, "accuracy": 0.7170885801315308}, "sub-040": {"loss": 1.307901382446289, "accuracy": 0.5092985033988953}, "sub-041": {"loss": 1.3811110258102417, "accuracy": 0.4704730808734894}, "sub-073": {"loss": 1.5055698156356812, "accuracy": 0.4131147563457489}, "sub-013": {"loss": 1.0916223526000977, "accuracy": 0.5871670842170715}, "sub-017": {"loss": 1.4725075960159302, "accuracy": 0.445141077041626}, "sub-020": {"loss": 0.9749991297721863, "accuracy": 0.635454535484314}, "sub-010": {"loss": 1.4859001636505127, "accuracy": 0.4317191243171692}, "sub-035": {"loss": 1.444178581237793, "accuracy": 0.44785818457603455}, "sub-009": {"loss": 1.0755614042282104, "accuracy": 0.5857142806053162}, "sub-044": {"loss": 0.5468776226043701, "accuracy": 0.7742537260055542}, "sub-081": {"loss": 1.4619250297546387, "accuracy": 0.4248062074184418}, "sub-067": {"loss": 1.5193589925765991, "accuracy": 0.4178403615951538}, "sub-039": {"loss": 1.5567255020141602, "accuracy": 0.4185970723628998}, "sub-066": {"loss": 1.6268153190612793, "accuracy": 0.3852895200252533}, "sub-084": {"loss": 0.9106993675231934, "accuracy": 0.6562724113464355}, "sub-085": {"loss": 0.6825271248817444, "accuracy": 0.7508960366249084}, "sub-070": {"loss": 1.1381196975708008, "accuracy": 0.5718309879302979}, "sub-018": {"loss": 1.337180495262146, "accuracy": 0.505084753036499}, "sub-011": {"loss": 1.973795771598816, "accuracy": 0.347457617521286}, "sub-033": {"loss": 1.4582880735397339, "accuracy": 0.4354505240917206}, "sub-063": {"loss": 1.5991443395614624, "accuracy": 0.44162753224372864}, "sub-060": {"loss": 1.7525581121444702, "accuracy": 0.3234848380088806}, "sub-056": {"loss": 1.6669492721557617, "accuracy": 0.39214953780174255}, "sub-055": {"loss": 1.2184510231018066, "accuracy": 0.5757009387016296}, "sub-003": {"loss": 1.420109748840332, "accuracy": 0.44673123955726624}, "sub-028": {"loss": 0.9423845410346985, "accuracy": 0.6132911443710327}, "sub-077": {"loss": 2.2740726470947266, "accuracy": 0.2112211287021637}, "sub-071": {"loss": 1.721305251121521, "accuracy": 0.3164319396018982}, "sub-007": {"loss": 1.534531593322754, "accuracy": 0.4300242066383362}, "sub-047": {"loss": 1.2558785676956177, "accuracy": 0.5302721261978149}, "sub-001": {"loss": 1.3196688890457153, "accuracy": 0.51598060131073}, "sub-069": {"loss": 1.6686598062515259, "accuracy": 0.37871673703193665}, "sub-061": {"loss": 1.341361165046692, "accuracy": 0.5057283043861389}, "sub-074": {"loss": 1.1890413761138916, "accuracy": 0.5289617776870728}, "sub-046": {"loss": 1.2596073150634766, "accuracy": 0.5123134255409241}, "sub-057": {"loss": 1.1846954822540283, "accuracy": 0.5364975333213806}, "sub-019": {"loss": 1.0582793951034546, "accuracy": 0.5956416726112366}, "sub-079": {"loss": 1.4852861166000366, "accuracy": 0.43620070815086365}, "sub-006": {"loss": 0.9204148650169373, "accuracy": 0.6562162041664124}, "sub-023": {"loss": 1.9325706958770752, "accuracy": 0.30822086334228516}, "sub-030": {"loss": 1.3239514827728271, "accuracy": 0.46424052119255066}, "sub-036": {"loss": 1.0222347974777222, "accuracy": 0.6186115145683289}, "sub-045": {"loss": 1.4178115129470825, "accuracy": 0.45186567306518555}, "sub-034": {"loss": 1.5027904510498047, "accuracy": 0.43751847743988037}, "sub-058": {"loss": 0.8373533487319946, "accuracy": 0.6873977184295654}, "sub-037": {"loss": 1.2482661008834839, "accuracy": 0.5340946316719055}, "sub-078": {"loss": 0.9594589471817017, "accuracy": 0.6375227570533752}}