{"sub-004": {"loss": 2.7850630283355713, "accuracy": 0.24669311940670013}, "sub-038": {"loss": 2.5052037239074707, "accuracy": 0.2679425776004791}, "sub-051": {"loss": 3.2250306606292725, "accuracy": 0.13924306631088257}, "sub-026": {"loss": 2.681215763092041, "accuracy": 0.2499343305826187}, "sub-048": {"loss": 2.376591205596924, "accuracy": 0.3078845739364624}, "sub-080": {"loss": 2.3951549530029297, "accuracy": 0.3097465932369232}, "sub-049": {"loss": 2.677330732345581, "accuracy": 0.23780611157417297}, "sub-076": {"loss": 2.687633752822876, "accuracy": 0.2396514117717743}, "sub-053": {"loss": 2.763763427734375, "accuracy": 0.22100789844989777}, "sub-068": {"loss": 2.693416118621826, "accuracy": 0.23583461344242096}, "sub-082": {"loss": 2.3702611923217773, "accuracy": 0.2575048804283142}, "sub-027": {"loss": 1.749984622001648, "accuracy": 0.4397018849849701}, "sub-052": {"loss": 2.2511985301971436, "accuracy": 0.31795182824134827}, "sub-005": {"loss": 2.5904197692871094, "accuracy": 0.2624945640563965}, "sub-029": {"loss": 2.4487016201019287, "accuracy": 0.26202574372291565}, "sub-050": {"loss": 3.1006455421447754, "accuracy": 0.16521424055099487}, "sub-075": {"loss": 2.466383218765259, "accuracy": 0.2832244038581848}, "sub-022": {"loss": 2.6552658081054688, "accuracy": 0.27718040347099304}, "sub-059": {"loss": 1.9934977293014526, "accuracy": 0.3489777743816376}, "sub-008": {"loss": 2.5947351455688477, "accuracy": 0.26582610607147217}, "sub-042": {"loss": 1.774031400680542, "accuracy": 0.4396597445011139}, "sub-032": {"loss": 2.0431578159332275, "accuracy": 0.36059004068374634}, "sub-062": {"loss": 2.640415668487549, "accuracy": 0.2252444475889206}, "sub-016": {"loss": 2.882974147796631, "accuracy": 0.22301024198532104}, "sub-012": {"loss": 3.3763606548309326, "accuracy": 0.14381402730941772}, "sub-025": {"loss": 2.4071526527404785, "accuracy": 0.27828481793403625}, "sub-064": {"loss": 2.8468403816223145, "accuracy": 0.20316487550735474}, "sub-072": {"loss": 1.4334924221038818, "accuracy": 0.5226777791976929}, "sub-024": {"loss": 2.7813334465026855, "accuracy": 0.2156553715467453}, "sub-002": {"loss": 2.4173169136047363, "accuracy": 0.28286296129226685}, "sub-065": {"loss": 2.9484617710113525, "accuracy": 0.19159434735774994}, "sub-014": {"loss": 2.629399061203003, "accuracy": 0.24797557294368744}, "sub-021": {"loss": 3.013866901397705, "accuracy": 0.18797291815280914}, "sub-083": {"loss": 2.62878680229187, "accuracy": 0.22592592239379883}, "sub-015": {"loss": 2.6938672065734863, "accuracy": 0.2419227808713913}, "sub-043": {"loss": 2.0034217834472656, "accuracy": 0.3743434250354767}, "sub-054": {"loss": 2.716139554977417, "accuracy": 0.23294879496097565}, "sub-031": {"loss": 1.626136064529419, "accuracy": 0.4640921354293823}, "sub-040": {"loss": 2.2916769981384277, "accuracy": 0.2982456088066101}, "sub-041": {"loss": 2.5163450241088867, "accuracy": 0.27698034048080444}, "sub-073": {"loss": 2.576946258544922, "accuracy": 0.2366805374622345}, "sub-013": {"loss": 2.0620763301849365, "accuracy": 0.35776200890541077}, "sub-017": {"loss": 2.5762667655944824, "accuracy": 0.24328915774822235}, "sub-020": {"loss": 1.9976794719696045, "accuracy": 0.39710715413093567}, "sub-010": {"loss": 2.7629995346069336, "accuracy": 0.241397425532341}, "sub-035": {"loss": 2.6966428756713867, "accuracy": 0.22623056173324585}, "sub-009": {"loss": 2.1341848373413086, "accuracy": 0.3571053445339203}, "sub-044": {"loss": 1.1891826391220093, "accuracy": 0.6032323241233826}, "sub-081": {"loss": 2.593007802963257, "accuracy": 0.23106060922145844}, "sub-067": {"loss": 2.694061279296875, "accuracy": 0.22086098790168762}, "sub-039": {"loss": 2.7444307804107666, "accuracy": 0.24401913583278656}, "sub-066": {"loss": 2.7214512825012207, "accuracy": 0.22902841866016388}, "sub-084": {"loss": 1.8274463415145874, "accuracy": 0.41890838742256165}, "sub-085": {"loss": 1.5325934886932373, "accuracy": 0.5019493103027344}, "sub-070": {"loss": 2.2758946418762207, "accuracy": 0.3301003873348236}, "sub-018": {"loss": 2.3894035816192627, "accuracy": 0.29275020956993103}, "sub-011": {"loss": 3.3123939037323, "accuracy": 0.17362752556800842}, "sub-033": {"loss": 2.4835317134857178, "accuracy": 0.27256694436073303}, "sub-063": {"loss": 2.712222099304199, "accuracy": 0.2633996903896332}, "sub-060": {"loss": 2.9788687229156494, "accuracy": 0.17818930745124817}, "sub-056": {"loss": 2.9054393768310547, "accuracy": 0.20036429166793823}, "sub-055": {"loss": 2.2517664432525635, "accuracy": 0.3311070501804352}, "sub-003": {"loss": 2.5827672481536865, "accuracy": 0.24980299174785614}, "sub-028": {"loss": 1.9465190172195435, "accuracy": 0.36991870403289795}, "sub-077": {"loss": 3.512573719024658, "accuracy": 0.12801150977611542}, "sub-071": {"loss": 2.7227652072906494, "accuracy": 0.1737280935049057}, "sub-007": {"loss": 2.75126314163208, "accuracy": 0.2589965760707855}, "sub-047": {"loss": 2.2925381660461426, "accuracy": 0.30011072754859924}, "sub-001": {"loss": 2.4654488563537598, "accuracy": 0.3166535198688507}, "sub-069": {"loss": 2.7577574253082275, "accuracy": 0.21252340078353882}, "sub-061": {"loss": 2.3955790996551514, "accuracy": 0.3199999928474426}, "sub-074": {"loss": 2.2683308124542236, "accuracy": 0.3164983093738556}, "sub-046": {"loss": 2.3466575145721436, "accuracy": 0.269696980714798}, "sub-057": {"loss": 2.237259864807129, "accuracy": 0.3320888876914978}, "sub-019": {"loss": 2.041304349899292, "accuracy": 0.35657998919487}, "sub-079": {"loss": 2.5652785301208496, "accuracy": 0.25360623002052307}, "sub-006": {"loss": 1.910010576248169, "accuracy": 0.4023746848106384}, "sub-023": {"loss": 3.1461551189422607, "accuracy": 0.18199920654296875}, "sub-030": {"loss": 2.479518413543701, "accuracy": 0.2745596170425415}, "sub-036": {"loss": 1.9927964210510254, "accuracy": 0.38415905833244324}, "sub-045": {"loss": 2.6347270011901855, "accuracy": 0.24323232471942902}, "sub-034": {"loss": 2.658677816390991, "accuracy": 0.2459515780210495}, "sub-058": {"loss": 1.6994260549545288, "accuracy": 0.41333332657814026}, "sub-037": {"loss": 2.294908285140991, "accuracy": 0.30586567521095276}, "sub-078": {"loss": 1.9474738836288452, "accuracy": 0.40542683005332947}}