epoch,accuracy,loss,val_accuracy,val_loss
0,0.5528544783592224,1.1237660646438599,0.5050058960914612,1.313750982284546
