{"sub-080": {"loss": 0.6612871289253235, "accuracy": 0.741218626499176}, "sub-025": {"loss": 0.7641692161560059, "accuracy": 0.7126835584640503}, "sub-085": {"loss": 0.5132753849029541, "accuracy": 0.7946236729621887}, "sub-069": {"loss": 1.2134039402008057, "accuracy": 0.5292644500732422}, "sub-057": {"loss": 0.7179889678955078, "accuracy": 0.7198035717010498}, "sub-066": {"loss": 1.056146264076233, "accuracy": 0.5624412894248962}, "sub-062": {"loss": 1.1876682043075562, "accuracy": 0.5279868841171265}, "sub-076": {"loss": 1.1407748460769653, "accuracy": 0.5945355296134949}, "sub-022": {"loss": 0.8041514754295349, "accuracy": 0.6984049081802368}, "sub-038": {"loss": 0.8878883123397827, "accuracy": 0.6502447128295898}, "sub-083": {"loss": 1.1121132373809814, "accuracy": 0.5458781123161316}, "sub-082": {"loss": 1.2461910247802734, "accuracy": 0.5168458819389343}, "sub-056": {"loss": 1.4437403678894043, "accuracy": 0.4538317620754242}, "sub-018": {"loss": 1.0203875303268433, "accuracy": 0.5980629324913025}, "sub-071": {"loss": 1.4381401538848877, "accuracy": 0.4541471004486084}, "sub-032": {"loss": 0.7098405361175537, "accuracy": 0.7143279314041138}, "sub-021": {"loss": 1.2720720767974854, "accuracy": 0.5084662437438965}, "sub-023": {"loss": 1.117484211921692, "accuracy": 0.5688343644142151}, "sub-078": {"loss": 0.6626869440078735, "accuracy": 0.7526411414146423}, "sub-007": {"loss": 1.0077626705169678, "accuracy": 0.6050847172737122}, "sub-048": {"loss": 0.8291377425193787, "accuracy": 0.6880503296852112}, "sub-027": {"loss": 0.5875276923179626, "accuracy": 0.7620252966880798}, "sub-011": {"loss": 1.29084312915802, "accuracy": 0.5322033762931824}, "sub-052": {"loss": 0.7809483408927917, "accuracy": 0.7046728730201721}, "sub-019": {"loss": 0.6059070229530334, "accuracy": 0.7634382843971252}, "sub-010": {"loss": 1.0986392498016357, "accuracy": 0.5745762586593628}, "sub-047": {"loss": 0.7306600213050842, "accuracy": 0.7234693765640259}, "sub-014": {"loss": 1.0162098407745361, "accuracy": 0.607607364654541}, "sub-002": {"loss": 0.7761722803115845, "accuracy": 0.7105633616447449}, "sub-037": {"loss": 0.9574381113052368, "accuracy": 0.6280587315559387}, "sub-040": {"loss": 1.0011235475540161, "accuracy": 0.6075040698051453}, "sub-046": {"loss": 0.849764883518219, "accuracy": 0.6753731369972229}, "sub-008": {"loss": 0.6257590651512146, "accuracy": 0.7677966356277466}, "sub-073": {"loss": 0.9844012260437012, "accuracy": 0.6287795901298523}, "sub-051": {"loss": 1.4828429222106934, "accuracy": 0.43252336978912354}, "sub-059": {"loss": 0.9048609137535095, "accuracy": 0.6703764200210571}, "sub-044": {"loss": 0.2766844928264618, "accuracy": 0.8832089304924011}, "sub-049": {"loss": 1.2554712295532227, "accuracy": 0.5110280513763428}, "sub-042": {"loss": 0.5787387490272522, "accuracy": 0.7882544994354248}, "sub-029": {"loss": 1.038817286491394, "accuracy": 0.5936709046363831}, "sub-068": {"loss": 1.1154824495315552, "accuracy": 0.5708920359611511}, "sub-050": {"loss": 1.9237512350082397, "accuracy": 0.33959731459617615}, "sub-006": {"loss": 0.6584360003471375, "accuracy": 0.754054069519043}, "sub-004": {"loss": 1.2478350400924683, "accuracy": 0.5018292665481567}, "sub-077": {"loss": 1.3934599161148071, "accuracy": 0.49768978357315063}, "sub-001": {"loss": 0.7739343643188477, "accuracy": 0.6997578740119934}, "sub-003": {"loss": 0.6574667096138, "accuracy": 0.7416464686393738}, "sub-033": {"loss": 1.0650689601898193, "accuracy": 0.5943869948387146}, "sub-028": {"loss": 0.6905984282493591, "accuracy": 0.7237342000007629}, "sub-024": {"loss": 0.9872415661811829, "accuracy": 0.6203389763832092}, "sub-058": {"loss": 0.6598284244537354, "accuracy": 0.7463175058364868}, "sub-009": {"loss": 0.4660627543926239, "accuracy": 0.8092009425163269}, "sub-079": {"loss": 1.243955135345459, "accuracy": 0.5218638181686401}, "sub-041": {"loss": 0.9194648265838623, "accuracy": 0.6486133933067322}, "sub-017": {"loss": 0.9935531616210938, "accuracy": 0.6332288384437561}, "sub-070": {"loss": 0.7616417407989502, "accuracy": 0.7082942128181458}, "sub-055": {"loss": 0.9407590627670288, "accuracy": 0.6523364782333374}, "sub-026": {"loss": 0.894851803779602, "accuracy": 0.6661016941070557}, "sub-061": {"loss": 0.8997313380241394, "accuracy": 0.6477904915809631}, "sub-072": {"loss": 0.483415812253952, "accuracy": 0.8214936256408691}, "sub-039": {"loss": 1.0264296531677246, "accuracy": 0.6300163269042969}, "sub-067": {"loss": 1.1731047630310059, "accuracy": 0.5530516505241394}, "sub-054": {"loss": 1.2585870027542114, "accuracy": 0.5155140161514282}, "sub-043": {"loss": 0.9410743117332458, "accuracy": 0.6552239060401917}, "sub-034": {"loss": 1.0747963190078735, "accuracy": 0.6067946553230286}, "sub-081": {"loss": 1.4582592248916626, "accuracy": 0.4775193929672241}, "sub-012": {"loss": 1.3388597965240479, "accuracy": 0.5004842877388}, "sub-063": {"loss": 1.236297369003296, "accuracy": 0.55054771900177}, "sub-015": {"loss": 1.05498468875885, "accuracy": 0.6125907897949219}, "sub-074": {"loss": 0.7258009910583496, "accuracy": 0.7180327773094177}, "sub-036": {"loss": 0.7776541709899902, "accuracy": 0.7084195017814636}, "sub-020": {"loss": 0.5547696948051453, "accuracy": 0.7912121415138245}, "sub-075": {"loss": 0.7499808073043823, "accuracy": 0.7173041701316833}, "sub-045": {"loss": 0.9895497560501099, "accuracy": 0.6197761297225952}, "sub-064": {"loss": 1.324445366859436, "accuracy": 0.5020344257354736}, "sub-013": {"loss": 0.5034504532814026, "accuracy": 0.798305094242096}, "sub-005": {"loss": 0.8124706745147705, "accuracy": 0.6923898458480835}, "sub-084": {"loss": 0.7732278108596802, "accuracy": 0.6956989169120789}, "sub-053": {"loss": 1.1394473314285278, "accuracy": 0.5607476830482483}, "sub-035": {"loss": 1.1917999982833862, "accuracy": 0.5550960302352905}, "sub-065": {"loss": 1.2151803970336914, "accuracy": 0.5126760601997375}, "sub-016": {"loss": 1.1548327207565308, "accuracy": 0.5569007396697998}, "sub-031": {"loss": 0.4496292173862457, "accuracy": 0.8240506052970886}, "sub-030": {"loss": 1.0076043605804443, "accuracy": 0.6363924145698547}, "sub-060": {"loss": 1.588787317276001, "accuracy": 0.37310606241226196}}