{"sub-019": {"loss": 1.1200896501541138, "accuracy": 0.5552058219909668}, "sub-053": {"loss": 1.8664284944534302, "accuracy": 0.34467288851737976}, "sub-052": {"loss": 1.2976394891738892, "accuracy": 0.5046728849411011}, "sub-068": {"loss": 1.5218398571014404, "accuracy": 0.4190923273563385}, "sub-061": {"loss": 1.422322392463684, "accuracy": 0.4579378068447113}, "sub-029": {"loss": 1.388569951057434, "accuracy": 0.4696202576160431}, "sub-030": {"loss": 1.4841413497924805, "accuracy": 0.42563292384147644}, "sub-054": {"loss": 1.8683180809020996, "accuracy": 0.3080373704433441}, "sub-064": {"loss": 1.6712499856948853, "accuracy": 0.3649452328681946}, "sub-066": {"loss": 1.6112711429595947, "accuracy": 0.3771517872810364}, "sub-044": {"loss": 0.6136118173599243, "accuracy": 0.7992537021636963}, "sub-024": {"loss": 1.461071252822876, "accuracy": 0.44600483775138855}, "sub-056": {"loss": 1.777344822883606, "accuracy": 0.3267289698123932}, "sub-004": {"loss": 1.5369985103607178, "accuracy": 0.39939025044441223}, "sub-049": {"loss": 1.5703132152557373, "accuracy": 0.38579440116882324}, "sub-015": {"loss": 1.5829006433486938, "accuracy": 0.42905569076538086}, "sub-057": {"loss": 1.1594222784042358, "accuracy": 0.5757774114608765}, "sub-028": {"loss": 1.277431845664978, "accuracy": 0.505696177482605}, "sub-058": {"loss": 0.8651314377784729, "accuracy": 0.6569558382034302}, "sub-002": {"loss": 1.4453831911087036, "accuracy": 0.44765257835388184}, "sub-084": {"loss": 0.8298230171203613, "accuracy": 0.716487467288971}, "sub-009": {"loss": 0.9639961123466492, "accuracy": 0.6600484251976013}, "sub-040": {"loss": 1.204216480255127, "accuracy": 0.5432299971580505}, "sub-012": {"loss": 1.9728741645812988, "accuracy": 0.2939467430114746}, "sub-021": {"loss": 1.8785717487335205, "accuracy": 0.31852760910987854}, "sub-027": {"loss": 1.1562687158584595, "accuracy": 0.5632911324501038}, "sub-038": {"loss": 1.4203433990478516, "accuracy": 0.4652528464794159}, "sub-007": {"loss": 1.7613667249679565, "accuracy": 0.35447943210601807}, "sub-060": {"loss": 1.774794101715088, "accuracy": 0.33712121844291687}, "sub-076": {"loss": 1.44962739944458, "accuracy": 0.47650274634361267}, "sub-011": {"loss": 2.106968641281128, "accuracy": 0.29104116559028625}, "sub-055": {"loss": 1.2282557487487793, "accuracy": 0.5405607223510742}, "sub-080": {"loss": 1.284483551979065, "accuracy": 0.5207885503768921}, "sub-026": {"loss": 1.5300085544586182, "accuracy": 0.40774819254875183}, "sub-067": {"loss": 1.4411413669586182, "accuracy": 0.43661972880363464}, "sub-010": {"loss": 1.6141763925552368, "accuracy": 0.4205811023712158}, "sub-037": {"loss": 1.3663705587387085, "accuracy": 0.47145187854766846}, "sub-016": {"loss": 1.7483359575271606, "accuracy": 0.34769976139068604}, "sub-033": {"loss": 1.4266879558563232, "accuracy": 0.4525849223136902}, "sub-022": {"loss": 1.3935377597808838, "accuracy": 0.4466257691383362}, "sub-008": {"loss": 1.3062193393707275, "accuracy": 0.47941887378692627}, "sub-005": {"loss": 1.4073890447616577, "accuracy": 0.4646194875240326}, "sub-039": {"loss": 1.7035545110702515, "accuracy": 0.36867862939834595}, "sub-072": {"loss": 0.880193293094635, "accuracy": 0.6659380793571472}, "sub-032": {"loss": 1.220129132270813, "accuracy": 0.5435745716094971}, "sub-036": {"loss": 1.1846610307693481, "accuracy": 0.5704578757286072}, "sub-069": {"loss": 1.6973599195480347, "accuracy": 0.3611893653869629}, "sub-071": {"loss": 2.2563376426696777, "accuracy": 0.279812216758728}, "sub-070": {"loss": 1.3395538330078125, "accuracy": 0.509546160697937}, "sub-074": {"loss": 1.3963658809661865, "accuracy": 0.4786885380744934}, "sub-014": {"loss": 1.3348027467727661, "accuracy": 0.48245400190353394}, "sub-041": {"loss": 1.4801373481750488, "accuracy": 0.4355628192424774}, "sub-035": {"loss": 1.6205307245254517, "accuracy": 0.3672082722187042}, "sub-063": {"loss": 1.5734888315200806, "accuracy": 0.4131455421447754}, "sub-023": {"loss": 1.8045125007629395, "accuracy": 0.3445398807525635}, "sub-065": {"loss": 1.6683865785598755, "accuracy": 0.3624413013458252}, "sub-048": {"loss": 1.371950387954712, "accuracy": 0.4825995862483978}, "sub-034": {"loss": 1.5648304224014282, "accuracy": 0.42333826422691345}, "sub-075": {"loss": 1.3835654258728027, "accuracy": 0.4681238532066345}, "sub-020": {"loss": 1.1524174213409424, "accuracy": 0.5730302929878235}, "sub-031": {"loss": 0.9505492448806763, "accuracy": 0.6594936847686768}, "sub-082": {"loss": 1.4818965196609497, "accuracy": 0.44301074743270874}, "sub-018": {"loss": 1.5566997528076172, "accuracy": 0.40847456455230713}, "sub-001": {"loss": 1.3687212467193604, "accuracy": 0.46803873777389526}, "sub-025": {"loss": 1.3510199785232544, "accuracy": 0.47343122959136963}, "sub-078": {"loss": 1.0865355730056763, "accuracy": 0.582513689994812}, "sub-013": {"loss": 1.162131667137146, "accuracy": 0.5457627177238464}, "sub-081": {"loss": 1.7019784450531006, "accuracy": 0.341085284948349}, "sub-073": {"loss": 1.418900966644287, "accuracy": 0.44590163230895996}, "sub-062": {"loss": 1.7029215097427368, "accuracy": 0.330278217792511}, "sub-006": {"loss": 0.9732457399368286, "accuracy": 0.6124324202537537}, "sub-050": {"loss": 1.9135180711746216, "accuracy": 0.3174496591091156}, "sub-017": {"loss": 1.5849307775497437, "accuracy": 0.41003134846687317}, "sub-083": {"loss": 1.5909547805786133, "accuracy": 0.3885304629802704}, "sub-079": {"loss": 1.4815438985824585, "accuracy": 0.39426523447036743}, "sub-046": {"loss": 1.389406442642212, "accuracy": 0.4522387981414795}, "sub-042": {"loss": 0.9397400617599487, "accuracy": 0.6453507542610168}, "sub-085": {"loss": 0.6626473069190979, "accuracy": 0.7516129016876221}, "sub-003": {"loss": 1.305214524269104, "accuracy": 0.46973365545272827}, "sub-045": {"loss": 1.6117832660675049, "accuracy": 0.41156715154647827}, "sub-047": {"loss": 1.3594163656234741, "accuracy": 0.46768707036972046}, "sub-051": {"loss": 1.9916425943374634, "accuracy": 0.2575700879096985}, "sub-077": {"loss": 2.2306108474731445, "accuracy": 0.2653465270996094}, "sub-043": {"loss": 1.151111125946045, "accuracy": 0.5727611780166626}, "sub-059": {"loss": 1.187085509300232, "accuracy": 0.5240589380264282}}