epoch,accuracy,loss,val_accuracy,val_loss
0,0.5309110879898071,1.165616750717163,0.4724489152431488,1.3885445594787598
