{"sub-040": {"loss": 1.227697730064392, "accuracy": 0.4939641058444977}, "sub-066": {"loss": 1.2800110578536987, "accuracy": 0.4779342710971832}, "sub-016": {"loss": 1.23019278049469, "accuracy": 0.4992735981941223}, "sub-044": {"loss": 0.4540601968765259, "accuracy": 0.8208954930305481}, "sub-076": {"loss": 1.3108727931976318, "accuracy": 0.486703097820282}, "sub-061": {"loss": 1.0314702987670898, "accuracy": 0.5973813533782959}, "sub-050": {"loss": 1.6466379165649414, "accuracy": 0.3570469915866852}, "sub-043": {"loss": 0.8800736665725708, "accuracy": 0.6488806009292603}, "sub-047": {"loss": 0.99199378490448, "accuracy": 0.6142857074737549}, "sub-024": {"loss": 1.1347371339797974, "accuracy": 0.5547215342521667}, "sub-038": {"loss": 1.0286749601364136, "accuracy": 0.583360493183136}, "sub-035": {"loss": 1.3506340980529785, "accuracy": 0.46824225783348083}, "sub-042": {"loss": 0.6769647598266602, "accuracy": 0.7566068768501282}, "sub-080": {"loss": 1.0244336128234863, "accuracy": 0.5989247560501099}, "sub-057": {"loss": 0.9135096669197083, "accuracy": 0.6441898345947266}, "sub-019": {"loss": 0.8423437476158142, "accuracy": 0.6871670484542847}, "sub-062": {"loss": 1.3266037702560425, "accuracy": 0.44189852476119995}, "sub-025": {"loss": 0.9510728120803833, "accuracy": 0.6291054487228394}, "sub-030": {"loss": 1.1741950511932373, "accuracy": 0.5503164529800415}, "sub-055": {"loss": 1.0008848905563354, "accuracy": 0.641121506690979}, "sub-026": {"loss": 1.1471498012542725, "accuracy": 0.5414043664932251}, "sub-013": {"loss": 0.8790961503982544, "accuracy": 0.6661016941070557}, "sub-058": {"loss": 0.7290342450141907, "accuracy": 0.7243862748146057}, "sub-078": {"loss": 0.8221557140350342, "accuracy": 0.7092896103858948}, "sub-075": {"loss": 0.9281352162361145, "accuracy": 0.6404371857643127}, "sub-069": {"loss": 1.2717722654342651, "accuracy": 0.4841940402984619}, "sub-003": {"loss": 0.8319517374038696, "accuracy": 0.6707021594047546}, "sub-060": {"loss": 1.472773790359497, "accuracy": 0.40378788113594055}, "sub-079": {"loss": 1.317946195602417, "accuracy": 0.47275984287261963}, "sub-039": {"loss": 1.1462128162384033, "accuracy": 0.5507341027259827}, "sub-010": {"loss": 1.1051682233810425, "accuracy": 0.5411622524261475}, "sub-001": {"loss": 0.9992596507072449, "accuracy": 0.5975787043571472}, "sub-029": {"loss": 1.145985722541809, "accuracy": 0.5724683403968811}, "sub-002": {"loss": 0.8962635397911072, "accuracy": 0.6781690120697021}, "sub-085": {"loss": 0.824274480342865, "accuracy": 0.6756272315979004}, "sub-034": {"loss": 1.1938990354537964, "accuracy": 0.5441654324531555}, "sub-014": {"loss": 1.0093365907669067, "accuracy": 0.5980368256568909}, "sub-053": {"loss": 1.3356380462646484, "accuracy": 0.474766343832016}, "sub-054": {"loss": 1.3827180862426758, "accuracy": 0.4699065387248993}, "sub-012": {"loss": 1.5720019340515137, "accuracy": 0.3661016821861267}, "sub-015": {"loss": 1.2377419471740723, "accuracy": 0.5222760438919067}, "sub-018": {"loss": 1.09125554561615, "accuracy": 0.5779660940170288}, "sub-072": {"loss": 0.6642099022865295, "accuracy": 0.7519125938415527}, "sub-008": {"loss": 0.8176891803741455, "accuracy": 0.6842615008354187}, "sub-023": {"loss": 1.2685056924819946, "accuracy": 0.4915337562561035}, "sub-071": {"loss": 1.617403268814087, "accuracy": 0.34616589546203613}, "sub-063": {"loss": 1.3346439599990845, "accuracy": 0.48137715458869934}, "sub-028": {"loss": 0.9233638644218445, "accuracy": 0.6370252966880798}, "sub-032": {"loss": 0.8031736612319946, "accuracy": 0.6824224591255188}, "sub-006": {"loss": 0.7792840600013733, "accuracy": 0.7043243050575256}, "sub-031": {"loss": 0.6809081435203552, "accuracy": 0.7458860874176025}, "sub-084": {"loss": 0.8661233186721802, "accuracy": 0.6562724113464355}, "sub-027": {"loss": 0.7844642996788025, "accuracy": 0.7050632834434509}, "sub-081": {"loss": 1.4148296117782593, "accuracy": 0.3682170510292053}, "sub-045": {"loss": 1.2108778953552246, "accuracy": 0.5429104566574097}, "sub-049": {"loss": 1.4835718870162964, "accuracy": 0.4007476568222046}, "sub-074": {"loss": 0.9872288107872009, "accuracy": 0.6258652210235596}, "sub-009": {"loss": 0.6885626316070557, "accuracy": 0.7358353734016418}, "sub-041": {"loss": 0.9649984240531921, "accuracy": 0.6107667088508606}, "sub-021": {"loss": 1.473024845123291, "accuracy": 0.4095705449581146}, "sub-067": {"loss": 1.2372196912765503, "accuracy": 0.5073552131652832}, "sub-059": {"loss": 1.018851637840271, "accuracy": 0.5986906886100769}, "sub-011": {"loss": 1.4831874370574951, "accuracy": 0.4164648950099945}, "sub-005": {"loss": 0.9826971888542175, "accuracy": 0.6077436804771423}, "sub-077": {"loss": 1.911885380744934, "accuracy": 0.27920791506767273}, "sub-068": {"loss": 1.2881548404693604, "accuracy": 0.4757433533668518}, "sub-070": {"loss": 0.9856182336807251, "accuracy": 0.6109546422958374}, "sub-022": {"loss": 1.1399914026260376, "accuracy": 0.5509202480316162}, "sub-051": {"loss": 1.4884220361709595, "accuracy": 0.3925233781337738}, "sub-017": {"loss": 1.239996314048767, "accuracy": 0.48401254415512085}, "sub-033": {"loss": 1.2404447793960571, "accuracy": 0.4966026544570923}, "sub-046": {"loss": 1.247321367263794, "accuracy": 0.5111940503120422}, "sub-052": {"loss": 0.8805698752403259, "accuracy": 0.6504672765731812}, "sub-056": {"loss": 1.3551244735717773, "accuracy": 0.4672897160053253}, "sub-036": {"loss": 0.9751515984535217, "accuracy": 0.6079763770103455}, "sub-065": {"loss": 1.2905033826828003, "accuracy": 0.4888888895511627}, "sub-048": {"loss": 0.9621633291244507, "accuracy": 0.6243186593055725}, "sub-007": {"loss": 1.0638477802276611, "accuracy": 0.5600484013557434}, "sub-083": {"loss": 1.2133671045303345, "accuracy": 0.518638014793396}, "sub-004": {"loss": 1.1911654472351074, "accuracy": 0.5134146213531494}, "sub-082": {"loss": 1.3650466203689575, "accuracy": 0.46236559748649597}, "sub-064": {"loss": 1.298596739768982, "accuracy": 0.47386541962623596}, "sub-037": {"loss": 1.0667792558670044, "accuracy": 0.5771614909172058}, "sub-020": {"loss": 0.7220085859298706, "accuracy": 0.7433333396911621}, "sub-073": {"loss": 1.0300606489181519, "accuracy": 0.598178505897522}}