{"sub-062": {"loss": 1.5448675155639648, "accuracy": 0.37348610162734985}, "sub-002": {"loss": 1.3959112167358398, "accuracy": 0.44389671087265015}, "sub-006": {"loss": 1.0703173875808716, "accuracy": 0.6005405187606812}, "sub-056": {"loss": 1.5797399282455444, "accuracy": 0.37383177876472473}, "sub-065": {"loss": 1.606015682220459, "accuracy": 0.39655712246894836}, "sub-066": {"loss": 1.4791042804718018, "accuracy": 0.4203442931175232}, "sub-072": {"loss": 0.7766415476799011, "accuracy": 0.6918032765388489}, "sub-043": {"loss": 1.0074546337127686, "accuracy": 0.592164158821106}, "sub-033": {"loss": 1.421345591545105, "accuracy": 0.4688330888748169}, "sub-068": {"loss": 1.4652538299560547, "accuracy": 0.40281689167022705}, "sub-028": {"loss": 1.098747968673706, "accuracy": 0.5753164291381836}, "sub-082": {"loss": 1.3180023431777954, "accuracy": 0.48960572481155396}, "sub-083": {"loss": 1.4183778762817383, "accuracy": 0.4379928410053253}, "sub-035": {"loss": 1.582598090171814, "accuracy": 0.3586410582065582}, "sub-010": {"loss": 1.492714762687683, "accuracy": 0.4440678060054779}, "sub-046": {"loss": 1.2536669969558716, "accuracy": 0.5175372958183289}, "sub-059": {"loss": 1.2242521047592163, "accuracy": 0.5112929344177246}, "sub-074": {"loss": 1.211264967918396, "accuracy": 0.5420765280723572}, "sub-013": {"loss": 1.1423404216766357, "accuracy": 0.5353510975837708}, "sub-047": {"loss": 1.3453562259674072, "accuracy": 0.4761904776096344}, "sub-040": {"loss": 1.2360461950302124, "accuracy": 0.5154975652694702}, "sub-037": {"loss": 1.3160717487335205, "accuracy": 0.5004894137382507}, "sub-049": {"loss": 1.5708168745040894, "accuracy": 0.3409345746040344}, "sub-004": {"loss": 1.5493762493133545, "accuracy": 0.42378050088882446}, "sub-039": {"loss": 1.4804542064666748, "accuracy": 0.4127243161201477}, "sub-017": {"loss": 1.4194256067276, "accuracy": 0.42006269097328186}, "sub-073": {"loss": 1.3485376834869385, "accuracy": 0.4619307816028595}, "sub-016": {"loss": 1.679341197013855, "accuracy": 0.36174333095550537}, "sub-012": {"loss": 1.92019784450531, "accuracy": 0.2726392149925232}, "sub-034": {"loss": 1.45770263671875, "accuracy": 0.41477105021476746}, "sub-064": {"loss": 1.58974027633667, "accuracy": 0.386541485786438}, "sub-080": {"loss": 1.2581629753112793, "accuracy": 0.509319007396698}, "sub-050": {"loss": 1.9117443561553955, "accuracy": 0.28993287682533264}, "sub-031": {"loss": 0.8758036494255066, "accuracy": 0.6680379509925842}, "sub-003": {"loss": 1.356311559677124, "accuracy": 0.45012107491493225}, "sub-019": {"loss": 1.0561883449554443, "accuracy": 0.5912833213806152}, "sub-051": {"loss": 2.008424997329712, "accuracy": 0.2620560824871063}, "sub-053": {"loss": 1.6110023260116577, "accuracy": 0.3757009208202362}, "sub-052": {"loss": 1.1948320865631104, "accuracy": 0.5207476615905762}, "sub-054": {"loss": 1.627954125404358, "accuracy": 0.3435513973236084}, "sub-069": {"loss": 1.7208045721054077, "accuracy": 0.3129890561103821}, "sub-005": {"loss": 1.4338163137435913, "accuracy": 0.43391188979148865}, "sub-036": {"loss": 1.091046690940857, "accuracy": 0.592614471912384}, "sub-038": {"loss": 1.3647124767303467, "accuracy": 0.4838499128818512}, "sub-011": {"loss": 2.0023880004882812, "accuracy": 0.30556899309158325}, "sub-041": {"loss": 1.313132643699646, "accuracy": 0.49102774262428284}, "sub-008": {"loss": 1.3302851915359497, "accuracy": 0.48837772011756897}, "sub-009": {"loss": 1.0239022970199585, "accuracy": 0.5818402171134949}, "sub-081": {"loss": 1.6162337064743042, "accuracy": 0.3736433982849121}, "sub-063": {"loss": 1.58310067653656, "accuracy": 0.41377151012420654}, "sub-018": {"loss": 1.43336820602417, "accuracy": 0.4755447804927826}, "sub-045": {"loss": 1.4106439352035522, "accuracy": 0.4253731369972229}, "sub-015": {"loss": 1.6238865852355957, "accuracy": 0.3861985504627228}, "sub-075": {"loss": 1.2521588802337646, "accuracy": 0.49471765756607056}, "sub-060": {"loss": 1.6601303815841675, "accuracy": 0.34204545617103577}, "sub-085": {"loss": 0.7802826166152954, "accuracy": 0.7243727445602417}, "sub-030": {"loss": 1.4336552619934082, "accuracy": 0.44272151589393616}, "sub-055": {"loss": 1.2746295928955078, "accuracy": 0.5147663354873657}, "sub-027": {"loss": 0.9252537488937378, "accuracy": 0.6645569801330566}, "sub-022": {"loss": 1.370719075202942, "accuracy": 0.4677300751209259}, "sub-076": {"loss": 1.3860931396484375, "accuracy": 0.45282331109046936}, "sub-023": {"loss": 1.788231611251831, "accuracy": 0.3469938635826111}, "sub-042": {"loss": 0.8690347671508789, "accuracy": 0.6580750346183777}, "sub-070": {"loss": 1.2571958303451538, "accuracy": 0.5133020281791687}, "sub-067": {"loss": 1.518097162246704, "accuracy": 0.4071987569332123}, "sub-007": {"loss": 1.5941858291625977, "accuracy": 0.4019370377063751}, "sub-029": {"loss": 1.2578630447387695, "accuracy": 0.5123417973518372}, "sub-048": {"loss": 1.283113718032837, "accuracy": 0.49098533391952515}, "sub-044": {"loss": 0.5768566131591797, "accuracy": 0.7921642065048218}, "sub-025": {"loss": 1.263756513595581, "accuracy": 0.5078771710395813}, "sub-079": {"loss": 1.4536277055740356, "accuracy": 0.41039425134658813}, "sub-001": {"loss": 1.4267480373382568, "accuracy": 0.4486682713031769}, "sub-071": {"loss": 1.8762855529785156, "accuracy": 0.30610328912734985}, "sub-014": {"loss": 1.4311189651489258, "accuracy": 0.4488343596458435}, "sub-057": {"loss": 1.2287746667861938, "accuracy": 0.5158756375312805}, "sub-026": {"loss": 1.5195966958999634, "accuracy": 0.4278450310230255}, "sub-084": {"loss": 0.965349018573761, "accuracy": 0.6283153891563416}, "sub-020": {"loss": 0.9794616103172302, "accuracy": 0.6299999952316284}, "sub-058": {"loss": 0.8059473037719727, "accuracy": 0.6906710267066956}, "sub-077": {"loss": 2.048785448074341, "accuracy": 0.23828382790088654}, "sub-024": {"loss": 1.4566233158111572, "accuracy": 0.4060532748699188}, "sub-021": {"loss": 1.7287706136703491, "accuracy": 0.34625765681266785}, "sub-032": {"loss": 0.9403105974197388, "accuracy": 0.6271787285804749}, "sub-078": {"loss": 0.9721455574035645, "accuracy": 0.6262295246124268}, "sub-061": {"loss": 1.2861121892929077, "accuracy": 0.4844517111778259}}