epoch,accuracy,loss,val_accuracy,val_loss
0,0.5190010666847229,1.1940337419509888,0.48506367206573486,1.3222733736038208
